NAME,B19013_001E,B25077_001E,B15002_015E,B15002_016E,B15002_017E,B15002_018E,B15002_032E,B15002_033E,B15002_034E,B15002_035E,B23001_001E,B01003_001E,B25002_001E,B25002_002E,B25002_003E,B25003_001E,B25003_002E,B25003_003E,B02001_002E,B02001_003E,B23001_007E,B23001_014E,B23001_021E,B23001_028E,B23001_035E,B23001_042E,B23001_049E,B23001_056E,B23001_063E,B23001_070E,B23001_075E,B23001_080E,B23001_085E,B23001_093E,B23001_100E,B23001_107E,B23001_114E,B23001_121E,B23001_128E,B23001_135E,B23001_142E,B23001_149E,B23001_156E,B23001_161E,B23001_166E,B23001_171E,state,county,tract,B23025_002E
"Census Tract 1201, New Haven County, Connecticut",65000.0,246300.0,348.0,139.0,30.0,33.0,330.0,165.0,51.0,0.0,4979.0,5945.0,2734.0,2500.0,234.0,2500.0,1927.0,573.0,5533.0,198.0,103.0,0.0,102.0,105.0,100.0,360.0,375.0,176.0,49.0,34.0,88.0,29.0,18.0,48.0,107.0,123.0,81.0,127.0,338.0,372.0,117.0,47.0,107.0,19.0,30.0,32.0,09,009,120100,3087.0
"Census Tract 1202, New Haven County, Connecticut",45734.0,237000.0,189.0,70.0,17.0,26.0,136.0,116.0,12.0,16.0,5240.0,6881.0,2873.0,2474.0,399.0,2474.0,987.0,1487.0,5286.0,703.0,47.0,57.0,48.0,299.0,286.0,324.0,385.0,93.0,27.0,0.0,65.0,13.0,0.0,29.0,33.0,133.0,216.0,109.0,247.0,232.0,136.0,74.0,25.0,11.0,0.0,41.0,09,009,120200,2930.0
"Census Tract 1251, New Haven County, Connecticut",72243.0,268400.0,249.0,137.0,0.0,0.0,202.0,107.0,25.0,0.0,3876.0,4679.0,1719.0,1697.0,22.0,1697.0,1611.0,86.0,4302.0,90.0,71.0,11.0,166.0,157.0,65.0,331.0,272.0,150.0,37.0,41.0,33.0,25.0,18.0,27.0,22.0,76.0,74.0,81.0,261.0,256.0,180.0,10.0,17.0,22.0,18.0,11.0,09,009,125100,2432.0
"Census Tract 1252, New Haven County, Connecticut",57002.0,300000.0,277.0,145.0,58.0,0.0,240.0,156.0,13.0,0.0,4850.0,6019.0,2598.0,2423.0,175.0,2423.0,1236.0,1187.0,4663.0,912.0,140.0,46.0,189.0,222.0,211.0,488.0,428.0,85.0,73.0,61.0,0.0,17.0,11.0,130.0,53.0,80.0,262.0,114.0,396.0,335.0,72.0,0.0,20.0,68.0,0.0,0.0,09,009,125200,3501.0
"Census Tract 1253, New Haven County, Connecticut",49291.0,262800.0,244.0,74.0,0.0,0.0,182.0,112.0,20.0,0.0,3993.0,5576.0,2429.0,2202.0,227.0,2202.0,1075.0,1127.0,4277.0,723.0,51.0,13.0,48.0,160.0,252.0,349.0,259.0,148.0,19.0,35.0,8.0,0.0,0.0,68.0,46.0,38.0,160.0,118.0,303.0,355.0,143.0,10.0,29.0,25.0,17.0,0.0,09,009,125300,2654.0
"Census Tract 1254, New Haven County, Connecticut",43158.0,236700.0,133.0,58.0,14.0,10.0,109.0,33.0,9.0,0.0,2410.0,2889.0,1425.0,1300.0,125.0,1300.0,688.0,612.0,2156.0,443.0,16.0,68.0,10.0,99.0,54.0,187.0,220.0,60.0,45.0,26.0,0.0,30.0,0.0,44.0,0.0,20.0,105.0,67.0,118.0,195.0,92.0,0.0,24.0,29.0,0.0,0.0,09,009,125400,1509.0
"Census Tract 1301.01, New Haven County, Connecticut",58102.0,277100.0,213.0,86.0,0.0,0.0,307.0,88.0,0.0,0.0,3952.0,4835.0,2113.0,2017.0,96.0,2017.0,1354.0,663.0,4189.0,130.0,17.0,0.0,90.0,128.0,128.0,309.0,326.0,196.0,34.0,33.0,31.0,0.0,0.0,70.0,19.0,106.0,153.0,270.0,221.0,318.0,191.0,16.0,45.0,52.0,0.0,16.0,09,009,130101,2769.0
"Census Tract 1301.02, New Haven County, Connecticut",73576.0,266000.0,149.0,28.0,0.0,0.0,220.0,79.0,16.0,0.0,2499.0,3173.0,1300.0,1173.0,127.0,1173.0,748.0,425.0,2876.0,28.0,14.0,13.0,12.0,0.0,46.0,221.0,246.0,78.0,18.0,23.0,16.0,12.0,0.0,71.0,28.0,15.0,63.0,8.0,278.0,218.0,37.0,42.0,26.0,11.0,0.0,0.0,09,009,130102,1496.0
"Census Tract 1302, New Haven County, Connecticut",84161.0,331500.0,597.0,178.0,25.0,13.0,464.0,324.0,33.0,15.0,6818.0,8359.0,3337.0,3254.0,83.0,3254.0,2804.0,450.0,7779.0,162.0,105.0,106.0,76.0,155.0,219.0,631.0,735.0,332.0,45.0,37.0,36.0,30.0,28.0,50.0,222.0,131.0,156.0,227.0,564.0,720.0,187.0,43.0,22.0,57.0,0.0,0.0,09,009,130200,4914.0
"Census Tract 1401, New Haven County, Connecticut",42292.0,227500.0,163.0,172.0,69.0,76.0,118.0,212.0,29.0,44.0,1745.0,1858.0,1745.0,1403.0,342.0,1403.0,47.0,1356.0,987.0,473.0,0.0,22.0,27.0,122.0,219.0,102.0,18.0,0.0,24.0,0.0,23.0,0.0,0.0,0.0,12.0,62.0,176.0,118.0,88.0,22.0,13.0,11.0,28.0,0.0,0.0,0.0,09,009,140100,1087.0
"Census Tract 1402, New Haven County, Connecticut",13120.0,304500.0,10.0,18.0,0.0,0.0,10.0,11.0,0.0,9.0,1000.0,1569.0,763.0,719.0,44.0,719.0,21.0,698.0,612.0,314.0,15.0,0.0,0.0,0.0,46.0,0.0,0.0,51.0,0.0,0.0,0.0,0.0,0.0,8.0,23.0,0.0,44.0,0.0,16.0,0.0,0.0,0.0,0.0,22.0,9.0,0.0,09,009,140200,234.0
"Census Tract 1403, New Haven County, Connecticut",36065.0,215900.0,63.0,22.0,0.0,0.0,62.0,32.0,13.0,0.0,1697.0,2494.0,894.0,713.0,181.0,713.0,81.0,632.0,940.0,833.0,20.0,31.0,14.0,69.0,22.0,237.0,45.0,15.0,11.0,24.0,0.0,0.0,0.0,21.0,12.0,18.0,81.0,71.0,75.0,103.0,8.0,14.0,10.0,13.0,10.0,0.0,09,009,140300,924.0
"Census Tract 1404, New Haven County, Connecticut",30052.0,189500.0,26.0,25.0,32.0,0.0,3.0,21.0,10.0,14.0,2568.0,3187.0,1356.0,1214.0,142.0,1214.0,359.0,855.0,1196.0,886.0,15.0,0.0,69.0,57.0,40.0,323.0,159.0,30.0,7.0,7.0,13.0,0.0,0.0,22.0,67.0,51.0,44.0,35.0,234.0,129.0,33.0,22.0,12.0,0.0,0.0,0.0,09,009,140400,1369.0
"Census Tract 1405, New Haven County, Connecticut",36074.0,158200.0,45.0,0.0,0.0,0.0,24.0,32.0,9.0,0.0,2464.0,3409.0,1327.0,1111.0,216.0,1111.0,378.0,733.0,900.0,1536.0,76.0,38.0,51.0,72.0,57.0,228.0,128.0,94.0,0.0,0.0,10.0,0.0,0.0,16.0,16.0,70.0,132.0,10.0,113.0,55.0,95.0,21.0,0.0,0.0,29.0,0.0,09,009,140500,1311.0
"Census Tract 1406, New Haven County, Connecticut",28857.0,169100.0,130.0,0.0,0.0,0.0,51.0,7.0,0.0,0.0,3764.0,4993.0,1845.0,1392.0,453.0,1392.0,369.0,1023.0,1155.0,2430.0,48.0,105.0,76.0,239.0,243.0,222.0,87.0,74.0,18.0,0.0,0.0,0.0,0.0,87.0,20.0,29.0,89.0,93.0,121.0,169.0,74.0,14.0,9.0,17.0,0.0,0.0,09,009,140600,1834.0
"Census Tract 1407, New Haven County, Connecticut",25223.0,280000.0,357.0,119.0,63.0,89.0,257.0,134.0,29.0,41.0,3585.0,4433.0,2271.0,2160.0,111.0,2160.0,168.0,1992.0,1648.0,1993.0,27.0,90.0,135.0,305.0,77.0,143.0,181.0,12.0,0.0,19.0,23.0,0.0,0.0,0.0,42.0,195.0,282.0,163.0,169.0,143.0,93.0,8.0,37.0,73.0,0.0,0.0,09,009,140700,2217.0
"Census Tract 1408, New Haven County, Connecticut",35106.0,188700.0,144.0,0.0,17.0,0.0,144.0,36.0,46.0,0.0,2751.0,4348.0,1748.0,1438.0,310.0,1438.0,286.0,1152.0,742.0,2968.0,0.0,10.0,39.0,130.0,78.0,208.0,113.0,29.0,0.0,31.0,0.0,0.0,0.0,82.0,21.0,59.0,99.0,232.0,196.0,124.0,72.0,0.0,23.0,54.0,0.0,0.0,09,009,140800,1600.0
"Census Tract 1409, New Haven County, Connecticut",39797.0,301200.0,240.0,60.0,20.0,30.0,267.0,164.0,21.0,0.0,3897.0,4861.0,2165.0,1903.0,262.0,1903.0,347.0,1556.0,1035.0,3028.0,20.0,27.0,95.0,186.0,251.0,186.0,190.0,50.0,24.0,10.0,9.0,12.0,8.0,53.0,25.0,170.0,229.0,183.0,202.0,308.0,93.0,0.0,36.0,25.0,30.0,0.0,09,009,140900,2422.0
"Census Tract 1410, New Haven County, Connecticut",66954.0,343300.0,288.0,250.0,135.0,188.0,228.0,437.0,162.0,154.0,3148.0,3827.0,1884.0,1736.0,148.0,1736.0,968.0,768.0,2760.0,543.0,28.0,0.0,47.0,46.0,225.0,202.0,322.0,82.0,24.0,58.0,57.0,11.0,0.0,7.0,13.0,147.0,181.0,155.0,413.0,260.0,115.0,41.0,77.0,58.0,34.0,7.0,09,009,141000,2610.0
"Census Tract 1411, New Haven County, Connecticut",89258.0,269800.0,187.0,161.0,73.0,73.0,300.0,151.0,122.0,23.0,2249.0,2710.0,1166.0,1075.0,91.0,1075.0,876.0,199.0,1695.0,923.0,0.0,15.0,8.0,34.0,92.0,145.0,130.0,103.0,67.0,35.0,11.0,41.0,0.0,12.0,44.0,24.0,28.0,148.0,173.0,196.0,153.0,46.0,26.0,0.0,38.0,0.0,09,009,141100,1569.0
"Census Tract 1412, New Haven County, Connecticut",42093.0,201500.0,240.0,27.0,0.0,16.0,175.0,115.0,78.0,25.0,4039.0,5215.0,2033.0,1782.0,251.0,1782.0,825.0,957.0,1397.0,2936.0,70.0,17.0,131.0,41.0,200.0,259.0,248.0,84.0,27.0,0.0,9.0,9.0,0.0,49.0,31.0,124.0,121.0,206.0,313.0,245.0,96.0,0.0,0.0,49.0,0.0,22.0,09,009,141200,2351.0
"Census Tract 1413, New Haven County, Connecticut",29223.0,191600.0,258.0,111.0,0.0,33.0,136.0,115.0,8.0,23.0,5157.0,5934.0,1982.0,1685.0,297.0,1685.0,374.0,1311.0,2928.0,2511.0,169.0,196.0,130.0,220.0,58.0,121.0,143.0,104.0,36.0,13.0,60.0,0.0,18.0,452.0,220.0,120.0,113.0,107.0,190.0,179.0,85.0,0.0,18.0,14.0,0.0,21.0,09,009,141300,2787.0
"Census Tract 1414, New Haven County, Connecticut",49730.0,257600.0,160.0,168.0,10.0,121.0,307.0,120.0,53.0,17.0,3683.0,5057.0,2038.0,1896.0,142.0,1896.0,812.0,1084.0,1393.0,3180.0,15.0,57.0,84.0,186.0,81.0,320.0,238.0,89.0,0.0,13.0,28.0,12.0,27.0,71.0,28.0,67.0,118.0,78.0,303.0,233.0,108.0,13.0,50.0,86.0,0.0,10.0,09,009,141400,2315.0
"Census Tract 1415, New Haven County, Connecticut",31089.0,170100.0,125.0,14.0,0.0,0.0,108.0,57.0,24.0,0.0,5125.0,6990.0,2951.0,2366.0,585.0,2366.0,670.0,1696.0,948.0,5475.0,92.0,109.0,46.0,51.0,200.0,285.0,220.0,69.0,21.0,40.0,66.0,24.0,0.0,110.0,25.0,125.0,225.0,219.0,392.0,269.0,61.0,46.0,96.0,15.0,46.0,0.0,09,009,141500,2852.0
"Census Tract 1416, New Haven County, Connecticut",29107.0,152100.0,98.0,63.0,0.0,11.0,288.0,34.0,0.0,0.0,3896.0,4902.0,2060.0,1651.0,409.0,1651.0,412.0,1239.0,650.0,3911.0,0.0,0.0,10.0,69.0,78.0,83.0,104.0,58.0,33.0,10.0,0.0,0.0,0.0,22.0,69.0,144.0,133.0,129.0,255.0,146.0,66.0,18.0,21.0,0.0,13.0,0.0,09,009,141600,1461.0
"Census Tract 1418, New Haven County, Connecticut",52646.0,387100.0,284.0,231.0,86.0,148.0,176.0,525.0,128.0,191.0,2976.0,3480.0,1886.0,1669.0,217.0,1669.0,482.0,1187.0,1735.0,694.0,18.0,0.0,88.0,180.0,92.0,123.0,78.0,16.0,8.0,57.0,16.0,4.0,16.0,40.0,19.0,123.0,158.0,159.0,208.0,169.0,72.0,10.0,42.0,118.0,4.0,16.0,09,009,141800,1834.0
"Census Tract 1419, New Haven County, Connecticut",62512.0,460200.0,430.0,391.0,192.0,549.0,588.0,748.0,196.0,432.0,4884.0,5693.0,2732.0,2623.0,109.0,2623.0,861.0,1762.0,4677.0,324.0,0.0,0.0,140.0,280.0,285.0,467.0,248.0,63.0,17.0,17.0,71.0,27.0,39.0,0.0,59.0,272.0,378.0,331.0,378.0,210.0,109.0,39.0,37.0,24.0,12.0,0.0,09,009,141900,3503.0
"Census Tract 1420, New Haven County, Connecticut",43312.0,496900.0,367.0,284.0,72.0,235.0,319.0,364.0,150.0,209.0,3124.0,3379.0,2171.0,1900.0,271.0,1900.0,412.0,1488.0,2275.0,349.0,0.0,0.0,47.0,303.0,230.0,319.0,90.0,21.0,31.0,10.0,0.0,17.0,0.0,0.0,11.0,145.0,341.0,283.0,148.0,54.0,42.0,0.0,0.0,0.0,0.0,0.0,09,009,142000,2092.0
"Census Tract 1421, New Haven County, Connecticut",34524.0,265000.0,25.0,43.0,26.0,11.0,112.0,10.0,10.0,17.0,939.0,1274.0,631.0,476.0,155.0,476.0,98.0,378.0,555.0,392.0,0.0,37.0,21.0,101.0,22.0,68.0,41.0,9.0,39.0,0.0,9.0,0.0,0.0,27.0,0.0,29.0,7.0,57.0,83.0,21.0,40.0,0.0,11.0,0.0,0.0,0.0,09,009,142100,622.0
"Census Tract 1422, New Haven County, Connecticut",55529.0,276400.0,135.0,89.0,17.0,134.0,176.0,90.0,57.0,83.0,1370.0,1446.0,1030.0,921.0,109.0,921.0,423.0,498.0,1339.0,61.0,0.0,27.0,10.0,91.0,81.0,68.0,74.0,122.0,29.0,35.0,9.0,0.0,8.0,9.0,29.0,34.0,120.0,35.0,53.0,105.0,42.0,13.0,0.0,8.0,0.0,8.0,09,009,142200,1010.0
"Census Tract 1423, New Haven County, Connecticut",31773.0,182400.0,178.0,39.0,10.0,10.0,57.0,27.0,20.0,19.0,4235.0,5435.0,2084.0,1880.0,204.0,1880.0,619.0,1261.0,2861.0,950.0,54.0,44.0,110.0,218.0,83.0,463.0,337.0,53.0,11.0,41.0,61.0,0.0,0.0,61.0,35.0,120.0,202.0,95.0,317.0,217.0,40.0,16.0,28.0,19.0,0.0,0.0,09,009,142300,2625.0
"Census Tract 1424, New Haven County, Connecticut",32328.0,154800.0,85.0,56.0,13.0,17.0,67.0,13.0,9.0,18.0,3413.0,4806.0,2054.0,1545.0,509.0,1545.0,489.0,1056.0,1668.0,1273.0,90.0,0.0,171.0,328.0,271.0,182.0,42.0,33.0,30.0,0.0,53.0,10.0,0.0,36.0,32.0,69.0,116.0,185.0,153.0,186.0,113.0,31.0,21.0,31.0,0.0,0.0,09,009,142400,2183.0
"Census Tract 1425, New Haven County, Connecticut",29303.0,229100.0,45.0,27.0,7.0,15.0,100.0,121.0,7.0,0.0,3927.0,5428.0,2194.0,1973.0,221.0,1973.0,403.0,1570.0,3043.0,1605.0,54.0,31.0,116.0,231.0,270.0,280.0,176.0,58.0,0.0,17.0,11.0,0.0,0.0,14.0,45.0,122.0,157.0,192.0,302.0,224.0,30.0,12.0,23.0,17.0,0.0,0.0,09,009,142500,2382.0
"Census Tract 1426.01, New Haven County, Connecticut",42134.0,187100.0,175.0,25.0,0.0,37.0,205.0,54.0,28.0,85.0,4635.0,6001.0,2583.0,2319.0,264.0,2319.0,1023.0,1296.0,2137.0,1996.0,0.0,136.0,79.0,128.0,154.0,310.0,325.0,59.0,0.0,34.0,50.0,0.0,0.0,29.0,143.0,190.0,186.0,109.0,395.0,321.0,90.0,99.0,102.0,26.0,16.0,0.0,09,009,142601,2981.0
"Census Tract 1426.03, New Haven County, Connecticut",19152.0,211600.0,93.0,38.0,0.0,0.0,207.0,63.0,43.0,15.0,3137.0,3697.0,2390.0,2093.0,297.0,2093.0,343.0,1750.0,2209.0,1013.0,57.0,52.0,0.0,43.0,46.0,114.0,64.0,17.0,0.0,45.0,17.0,0.0,0.0,59.0,44.0,0.0,21.0,40.0,256.0,109.0,51.0,0.0,0.0,67.0,0.0,0.0,09,009,142603,1102.0
"Census Tract 1426.04, New Haven County, Connecticut",41452.0,189600.0,177.0,52.0,16.0,0.0,68.0,64.0,16.0,0.0,2059.0,2544.0,1073.0,990.0,83.0,990.0,599.0,391.0,1533.0,710.0,94.0,46.0,47.0,33.0,57.0,292.0,120.0,13.0,0.0,74.0,0.0,0.0,0.0,0.0,76.0,10.0,74.0,57.0,208.0,48.0,136.0,31.0,25.0,37.0,0.0,0.0,09,009,142604,1478.0
"Census Tract 1427, New Haven County, Connecticut",51115.0,216400.0,226.0,61.0,37.0,13.0,144.0,136.0,15.0,0.0,4212.0,5932.0,2554.0,2136.0,418.0,2136.0,992.0,1144.0,3209.0,1943.0,98.0,78.0,13.0,148.0,307.0,267.0,351.0,44.0,9.0,37.0,14.0,0.0,8.0,62.0,47.0,59.0,201.0,255.0,440.0,278.0,58.0,52.0,0.0,20.0,0.0,0.0,09,009,142700,2846.0
"Census Tract 1428, New Haven County, Connecticut",73273.0,252800.0,336.0,107.0,36.0,37.0,303.0,239.0,20.0,34.0,3774.0,4416.0,2095.0,1882.0,213.0,1882.0,1443.0,439.0,4022.0,0.0,75.0,37.0,79.0,147.0,196.0,181.0,333.0,106.0,30.0,65.0,38.0,0.0,16.0,59.0,64.0,0.0,123.0,129.0,278.0,375.0,116.0,55.0,9.0,33.0,0.0,0.0,09,009,142800,2544.0
"Census Tract 1501, New Haven County, Connecticut",68125.0,340200.0,364.0,206.0,27.0,37.0,285.0,193.0,29.0,52.0,3501.0,4166.0,2006.0,1979.0,27.0,1979.0,1105.0,874.0,3991.0,10.0,35.0,0.0,39.0,171.0,198.0,284.0,329.0,80.0,41.0,44.0,34.0,9.0,0.0,16.0,0.0,72.0,131.0,137.0,148.0,227.0,61.0,35.0,34.0,25.0,40.0,24.0,09,009,150100,2214.0
"Census Tract 1502, New Haven County, Connecticut",65994.0,285100.0,268.0,238.0,44.0,32.0,268.0,149.0,8.0,34.0,2699.0,3366.0,1583.0,1387.0,196.0,1387.0,756.0,631.0,2301.0,63.0,32.0,15.0,133.0,265.0,139.0,189.0,180.0,44.0,36.0,37.0,28.0,0.0,10.0,32.0,0.0,20.0,81.0,33.0,206.0,169.0,137.0,0.0,11.0,27.0,22.0,12.0,09,009,150200,1858.0
"Census Tract 1503, New Haven County, Connecticut",67176.0,284300.0,262.0,62.0,12.0,0.0,259.0,103.0,17.0,0.0,3312.0,4079.0,1644.0,1605.0,39.0,1605.0,1228.0,377.0,3573.0,205.0,23.0,24.0,25.0,182.0,97.0,239.0,171.0,191.0,19.0,10.0,0.0,0.0,15.0,13.0,24.0,44.0,121.0,129.0,286.0,263.0,121.0,52.0,58.0,28.0,0.0,10.0,09,009,150300,2145.0
"Census Tract 1504, New Haven County, Connecticut",59591.0,299800.0,370.0,242.0,34.0,110.0,343.0,89.0,94.0,0.0,3522.0,4241.0,2044.0,1949.0,95.0,1949.0,1164.0,785.0,3485.0,307.0,22.0,9.0,56.0,102.0,144.0,254.0,398.0,50.0,47.0,51.0,76.0,10.0,0.0,25.0,48.0,46.0,125.0,72.0,189.0,152.0,109.0,55.0,44.0,33.0,22.0,10.0,09,009,150400,2149.0
"Census Tract 1505, New Haven County, Connecticut",73615.0,309700.0,273.0,173.0,0.0,15.0,271.0,209.0,40.0,0.0,3367.0,4192.0,1645.0,1597.0,48.0,1597.0,1344.0,253.0,3856.0,103.0,85.0,53.0,48.0,55.0,130.0,295.0,299.0,105.0,61.0,39.0,26.0,23.0,12.0,62.0,13.0,69.0,82.0,71.0,314.0,299.0,108.0,36.0,38.0,22.0,26.0,0.0,09,009,150500,2371.0
"Census Tract 1506, New Haven County, Connecticut",86932.0,383300.0,378.0,288.0,149.0,25.0,524.0,430.0,63.0,0.0,5043.0,6422.0,2530.0,2427.0,103.0,2427.0,2145.0,282.0,5589.0,53.0,48.0,19.0,49.0,116.0,174.0,433.0,416.0,174.0,73.0,13.0,40.0,15.0,0.0,30.0,0.0,54.0,228.0,84.0,412.0,434.0,110.0,60.0,75.0,27.0,61.0,17.0,09,009,150600,3162.0
"Census Tract 1507, New Haven County, Connecticut",97723.0,407100.0,325.0,164.0,32.0,65.0,393.0,134.0,35.0,0.0,3397.0,4292.0,1527.0,1501.0,26.0,1501.0,1352.0,149.0,4077.0,0.0,40.0,23.0,41.0,87.0,79.0,364.0,321.0,145.0,53.0,66.0,26.0,12.0,24.0,103.0,21.0,42.0,41.0,47.0,281.0,307.0,71.0,49.0,76.0,28.0,9.0,15.0,09,009,150700,2371.0
"Census Tract 1508, New Haven County, Connecticut",73156.0,338000.0,256.0,147.0,52.0,0.0,386.0,220.0,16.0,9.0,3314.0,4133.0,1694.0,1633.0,61.0,1633.0,1270.0,363.0,3574.0,167.0,13.0,12.0,37.0,95.0,115.0,163.0,296.0,100.0,12.0,57.0,28.0,18.0,27.0,26.0,90.0,35.0,115.0,110.0,150.0,308.0,117.0,44.0,59.0,34.0,7.0,26.0,09,009,150800,2094.0
"Census Tract 1509, New Haven County, Connecticut",97647.0,380400.0,406.0,184.0,10.0,15.0,272.0,305.0,37.0,0.0,2977.0,3782.0,1524.0,1452.0,72.0,1452.0,1265.0,187.0,3568.0,24.0,23.0,0.0,8.0,81.0,82.0,297.0,263.0,114.0,58.0,28.0,11.0,30.0,9.0,41.0,23.0,63.0,97.0,24.0,274.0,225.0,133.0,25.0,36.0,34.0,28.0,11.0,09,009,150900,2018.0
"Census Tract 1510, New Haven County, Connecticut",83798.0,362500.0,408.0,155.0,39.0,48.0,287.0,279.0,77.0,12.0,3378.0,4118.0,2062.0,1879.0,183.0,1879.0,1476.0,403.0,3759.0,42.0,16.0,10.0,30.0,135.0,122.0,353.0,331.0,92.0,33.0,41.0,22.0,35.0,11.0,29.0,0.0,36.0,86.0,78.0,279.0,272.0,212.0,32.0,11.0,19.0,24.0,0.0,09,009,151000,2309.0
"Census Tract 1511, New Haven County, Connecticut",84819.0,364600.0,607.0,325.0,65.0,16.0,640.0,251.0,85.0,26.0,5495.0,6832.0,2850.0,2619.0,231.0,2619.0,2186.0,433.0,6054.0,19.0,35.0,87.0,51.0,203.0,118.0,401.0,610.0,228.0,71.0,65.0,17.0,18.0,4.0,86.0,119.0,79.0,141.0,104.0,455.0,553.0,129.0,76.0,27.0,50.0,31.0,10.0,09,009,151100,3768.0
"Census Tract 1512, New Haven County, Connecticut",74375.0,299300.0,233.0,40.0,33.0,8.0,209.0,134.0,0.0,2.0,2550.0,3130.0,1277.0,1266.0,11.0,1266.0,1111.0,155.0,2893.0,50.0,20.0,25.0,74.0,24.0,77.0,219.0,219.0,78.0,12.0,60.0,27.0,24.0,29.0,38.0,33.0,4.0,111.0,66.0,149.0,225.0,67.0,35.0,39.0,49.0,9.0,10.0,09,009,151200,1723.0
"Census Tract 1541, New Haven County, Connecticut",45657.0,226100.0,365.0,200.0,65.0,30.0,317.0,212.0,58.0,0.0,6690.0,8610.0,3396.0,3149.0,247.0,3149.0,1756.0,1393.0,4733.0,3006.0,9.0,100.0,114.0,326.0,330.0,352.0,550.0,172.0,103.0,75.0,36.0,19.0,25.0,8.0,57.0,56.0,211.0,142.0,567.0,409.0,168.0,67.0,50.0,0.0,63.0,0.0,09,009,154100,4009.0
"Census Tract 1542, New Haven County, Connecticut",50054.0,223500.0,441.0,218.0,68.0,0.0,315.0,122.0,63.0,19.0,5465.0,7137.0,3102.0,2751.0,351.0,2751.0,1312.0,1439.0,3325.0,2861.0,26.0,34.0,145.0,297.0,256.0,417.0,352.0,72.0,34.0,23.0,59.0,37.0,8.0,55.0,18.0,192.0,241.0,280.0,421.0,344.0,160.0,25.0,45.0,60.0,0.0,0.0,09,009,154200,3601.0
"Census Tract 1545, New Haven County, Connecticut",44583.0,220200.0,190.0,36.0,16.0,32.0,233.0,35.0,57.0,22.0,3559.0,4562.0,2124.0,1951.0,173.0,1951.0,661.0,1290.0,3567.0,623.0,11.0,20.0,30.0,96.0,140.0,324.0,278.0,25.0,9.0,34.0,8.0,17.0,0.0,30.0,39.0,82.0,125.0,217.0,216.0,307.0,54.0,60.0,36.0,0.0,19.0,29.0,09,009,154500,2206.0
"Census Tract 1546, New Haven County, Connecticut",52674.0,225100.0,114.0,21.0,23.0,0.0,294.0,89.0,24.0,0.0,3124.0,3641.0,1805.0,1595.0,210.0,1595.0,863.0,732.0,2497.0,534.0,96.0,0.0,9.0,58.0,79.0,397.0,123.0,36.0,30.0,30.0,36.0,8.0,0.0,63.0,9.0,36.0,114.0,120.0,228.0,169.0,124.0,89.0,19.0,14.0,0.0,0.0,09,009,154600,1887.0
"Census Tract 1547, New Haven County, Connecticut",72276.0,259200.0,355.0,144.0,51.0,25.0,507.0,214.0,53.0,12.0,5461.0,6717.0,2728.0,2677.0,51.0,2677.0,2519.0,158.0,6157.0,249.0,57.0,27.0,91.0,123.0,153.0,544.0,463.0,148.0,75.0,78.0,47.0,17.0,33.0,25.0,13.0,53.0,141.0,159.0,512.0,543.0,141.0,87.0,111.0,29.0,28.0,15.0,09,009,154700,3713.0
"Census Tract 1548, New Haven County, Connecticut",71185.0,240400.0,310.0,120.0,14.0,0.0,177.0,149.0,36.0,0.0,4346.0,5119.0,2211.0,1950.0,261.0,1950.0,1868.0,82.0,4900.0,59.0,35.0,61.0,101.0,117.0,102.0,357.0,363.0,114.0,39.0,66.0,41.0,0.0,0.0,61.0,26.0,28.0,83.0,79.0,353.0,486.0,168.0,40.0,27.0,43.0,12.0,21.0,09,009,154800,2823.0
"Census Tract 1549, New Haven County, Connecticut",50268.0,225500.0,173.0,33.0,0.0,0.0,191.0,95.0,10.0,0.0,3608.0,4060.0,1823.0,1790.0,33.0,1790.0,1132.0,658.0,3564.0,180.0,71.0,14.0,70.0,17.0,206.0,184.0,235.0,198.0,47.0,29.0,11.0,0.0,0.0,0.0,0.0,39.0,82.0,221.0,148.0,241.0,195.0,37.0,57.0,0.0,21.0,0.0,09,009,154900,2123.0
"Census Tract 1550, New Haven County, Connecticut",52067.0,228300.0,226.0,0.0,23.0,0.0,168.0,27.0,31.0,0.0,4030.0,5309.0,2330.0,2090.0,240.0,2090.0,1173.0,917.0,3622.0,1207.0,0.0,17.0,57.0,89.0,180.0,550.0,249.0,81.0,36.0,29.0,0.0,0.0,10.0,0.0,15.0,122.0,97.0,140.0,239.0,337.0,183.0,13.0,66.0,24.0,12.0,0.0,09,009,155000,2546.0
"Census Tract 1551, New Haven County, Connecticut",42269.0,236700.0,136.0,90.0,30.0,25.0,211.0,107.0,45.0,0.0,3267.0,3773.0,1868.0,1733.0,135.0,1733.0,821.0,912.0,3630.0,70.0,0.0,0.0,48.0,70.0,114.0,249.0,200.0,128.0,70.0,31.0,13.0,22.0,0.0,0.0,0.0,18.0,161.0,70.0,179.0,193.0,192.0,41.0,23.0,46.0,10.0,27.0,09,009,155100,1905.0
"Census Tract 1571, New Haven County, Connecticut",75688.0,432100.0,220.0,137.0,55.0,12.0,312.0,109.0,41.0,0.0,2237.0,2697.0,1214.0,1123.0,91.0,1123.0,768.0,355.0,2281.0,110.0,0.0,0.0,55.0,26.0,21.0,168.0,171.0,52.0,10.0,31.0,32.0,49.0,9.0,63.0,13.0,13.0,120.0,36.0,178.0,131.0,55.0,10.0,31.0,35.0,0.0,0.0,09,009,157100,1309.0
"Census Tract 1572, New Haven County, Connecticut",107063.0,436700.0,347.0,262.0,87.0,42.0,331.0,231.0,91.0,37.0,2756.0,3502.0,1328.0,1263.0,65.0,1263.0,1232.0,31.0,3202.0,23.0,35.0,42.0,0.0,74.0,72.0,199.0,289.0,138.0,71.0,44.0,77.0,19.0,10.0,66.0,17.0,0.0,18.0,40.0,213.0,280.0,83.0,71.0,9.0,43.0,18.0,0.0,09,009,157200,1928.0
"Census Tract 1573, New Haven County, Connecticut",112143.0,436200.0,293.0,227.0,153.0,62.0,303.0,273.0,73.0,11.0,2656.0,3321.0,1196.0,1104.0,92.0,1104.0,1096.0,8.0,2867.0,194.0,35.0,27.0,0.0,32.0,0.0,213.0,262.0,197.0,103.0,24.0,27.0,10.0,31.0,52.0,23.0,12.0,16.0,33.0,214.0,266.0,80.0,66.0,0.0,7.0,0.0,25.0,09,009,157300,1755.0
"Census Tract 1574, New Haven County, Connecticut",98409.0,393900.0,261.0,277.0,192.0,56.0,416.0,297.0,67.0,9.0,3408.0,4311.0,1572.0,1506.0,66.0,1506.0,1396.0,110.0,4161.0,0.0,6.0,49.0,15.0,6.0,55.0,217.0,295.0,185.0,53.0,22.0,46.0,0.0,46.0,65.0,29.0,44.0,54.0,68.0,265.0,268.0,155.0,39.0,43.0,36.0,0.0,9.0,09,009,157400,2070.0
"Census Tract 1601, New Haven County, Connecticut",137702.0,547600.0,367.0,239.0,222.0,55.0,258.0,308.0,105.0,53.0,2702.0,3459.0,1401.0,1293.0,108.0,1293.0,1280.0,13.0,3255.0,40.0,18.0,0.0,40.0,45.0,76.0,175.0,265.0,126.0,56.0,99.0,41.0,27.0,37.0,27.0,0.0,27.0,30.0,29.0,185.0,245.0,201.0,85.0,11.0,35.0,12.0,25.0,09,009,160100,1917.0
"Census Tract 1602, New Haven County, Connecticut",119250.0,472900.0,467.0,290.0,342.0,249.0,378.0,542.0,185.0,239.0,4412.0,5548.0,2305.0,2093.0,212.0,2093.0,1894.0,199.0,4933.0,100.0,17.0,0.0,109.0,60.0,11.0,362.0,531.0,147.0,84.0,14.0,115.0,60.0,45.0,40.0,23.0,47.0,22.0,20.0,337.0,500.0,221.0,41.0,41.0,47.0,17.0,74.0,09,009,160200,2985.0
"Census Tract 1611, New Haven County, Connecticut",113720.0,422500.0,456.0,194.0,186.0,63.0,448.0,364.0,118.0,47.0,4209.0,5467.0,1982.0,1888.0,94.0,1888.0,1795.0,93.0,5121.0,127.0,48.0,28.0,67.0,0.0,51.0,326.0,515.0,185.0,62.0,108.0,85.0,0.0,40.0,56.0,20.0,70.0,92.0,52.0,378.0,362.0,154.0,111.0,78.0,36.0,6.0,19.0,09,009,161100,2949.0
"Census Tract 1651, New Haven County, Connecticut",56500.0,225400.0,211.0,167.0,29.0,76.0,227.0,161.0,42.0,22.0,3240.0,4287.0,1648.0,1598.0,50.0,1598.0,1238.0,360.0,2518.0,1341.0,0.0,53.0,12.0,104.0,60.0,255.0,247.0,64.0,19.0,42.0,22.0,12.0,22.0,41.0,29.0,49.0,117.0,173.0,187.0,298.0,59.0,50.0,66.0,43.0,10.0,0.0,09,009,165100,2034.0
"Census Tract 1652, New Haven County, Connecticut",126146.0,397200.0,252.0,159.0,114.0,179.0,242.0,330.0,127.0,105.0,2246.0,2665.0,1215.0,1160.0,55.0,1160.0,877.0,283.0,2522.0,34.0,0.0,0.0,59.0,48.0,30.0,171.0,261.0,73.0,17.0,44.0,25.0,22.0,22.0,19.0,37.0,110.0,41.0,52.0,160.0,210.0,93.0,43.0,105.0,32.0,0.0,0.0,09,009,165200,1674.0
"Census Tract 1653, New Haven County, Connecticut",92837.0,302700.0,161.0,187.0,137.0,28.0,128.0,318.0,67.0,18.0,2026.0,2471.0,1089.0,1044.0,45.0,1044.0,955.0,89.0,2274.0,116.0,13.0,11.0,22.0,11.0,50.0,169.0,203.0,74.0,49.0,17.0,14.0,0.0,0.0,10.0,0.0,21.0,0.0,66.0,270.0,155.0,44.0,35.0,56.0,51.0,17.0,9.0,09,009,165300,1367.0
"Census Tract 1654, New Haven County, Connecticut",57188.0,242700.0,385.0,194.0,89.0,117.0,466.0,443.0,151.0,35.0,4523.0,5341.0,2757.0,2500.0,257.0,2500.0,1431.0,1069.0,3511.0,1240.0,13.0,0.0,98.0,147.0,125.0,355.0,245.0,87.0,14.0,58.0,17.0,42.0,0.0,40.0,0.0,75.0,258.0,83.0,266.0,346.0,80.0,87.0,59.0,22.0,25.0,0.0,09,009,165400,2542.0
"Census Tract 1655, New Haven County, Connecticut",42719.0,207500.0,110.0,57.0,0.0,0.0,173.0,86.0,0.0,0.0,3796.0,4916.0,1985.0,1832.0,153.0,1832.0,890.0,942.0,1227.0,2768.0,46.0,17.0,71.0,145.0,196.0,301.0,171.0,16.0,0.0,9.0,17.0,14.0,0.0,50.0,17.0,124.0,143.0,160.0,360.0,277.0,92.0,73.0,118.0,18.0,9.0,12.0,09,009,165500,2456.0
"Census Tract 1656, New Haven County, Connecticut",65592.0,221300.0,243.0,65.0,19.0,13.0,384.0,186.0,24.0,0.0,4298.0,5783.0,2352.0,2207.0,145.0,2207.0,1377.0,830.0,3950.0,1286.0,91.0,0.0,51.0,46.0,163.0,433.0,453.0,60.0,12.0,14.0,57.0,17.0,12.0,14.0,108.0,217.0,119.0,94.0,554.0,454.0,80.0,72.0,29.0,94.0,0.0,0.0,09,009,165600,3244.0
"Census Tract 1657, New Haven County, Connecticut",72024.0,205300.0,248.0,97.0,8.0,21.0,292.0,171.0,13.0,0.0,3675.0,4397.0,1602.0,1520.0,82.0,1520.0,1353.0,167.0,2320.0,1602.0,22.0,55.0,153.0,212.0,107.0,300.0,176.0,111.0,63.0,23.0,31.0,8.0,0.0,99.0,117.0,15.0,186.0,202.0,247.0,327.0,38.0,20.0,112.0,25.0,0.0,0.0,09,009,165700,2649.0
"Census Tract 1658.01, New Haven County, Connecticut",53422.0,239500.0,383.0,105.0,83.0,98.0,335.0,268.0,26.0,14.0,4903.0,5591.0,2877.0,2703.0,174.0,2703.0,929.0,1774.0,3430.0,1193.0,0.0,49.0,166.0,261.0,166.0,342.0,346.0,133.0,17.0,20.0,28.0,29.0,29.0,54.0,90.0,272.0,89.0,96.0,282.0,347.0,100.0,14.0,48.0,41.0,14.0,33.0,09,009,165801,3066.0
"Census Tract 1658.02, New Haven County, Connecticut",80066.0,284400.0,218.0,116.0,47.0,55.0,181.0,146.0,24.0,19.0,3139.0,3958.0,1568.0,1473.0,95.0,1473.0,1414.0,59.0,3050.0,695.0,10.0,15.0,13.0,101.0,60.0,248.0,376.0,99.0,7.0,35.0,25.0,20.0,11.0,0.0,50.0,38.0,73.0,57.0,270.0,290.0,105.0,45.0,33.0,25.0,0.0,0.0,09,009,165802,2006.0
"Census Tract 1659, New Haven County, Connecticut",110509.0,343900.0,607.0,495.0,148.0,131.0,744.0,614.0,160.0,54.0,6577.0,8048.0,2803.0,2765.0,38.0,2765.0,2631.0,134.0,7146.0,585.0,29.0,46.0,14.0,52.0,43.0,449.0,578.0,255.0,96.0,125.0,145.0,13.0,12.0,46.0,12.0,96.0,162.0,146.0,478.0,743.0,278.0,49.0,69.0,53.0,38.0,0.0,09,009,165900,4027.0
"Census Tract 1660.01, New Haven County, Connecticut",56611.0,252800.0,737.0,311.0,192.0,44.0,703.0,429.0,103.0,19.0,5816.0,6821.0,3435.0,3302.0,133.0,3302.0,1511.0,1791.0,5779.0,380.0,0.0,13.0,78.0,392.0,241.0,422.0,379.0,108.0,13.0,67.0,17.0,0.0,33.0,71.0,77.0,235.0,364.0,162.0,357.0,334.0,144.0,15.0,36.0,17.0,29.0,30.0,09,009,166001,3634.0
"Census Tract 1660.02, New Haven County, Connecticut",71230.0,251800.0,304.0,141.0,159.0,108.0,385.0,181.0,46.0,123.0,5414.0,6015.0,2205.0,1995.0,210.0,1995.0,1765.0,230.0,5326.0,258.0,127.0,32.0,21.0,122.0,58.0,369.0,243.0,192.0,26.0,101.0,119.0,37.0,12.0,386.0,298.0,95.0,26.0,86.0,268.0,304.0,156.0,64.0,10.0,96.0,34.0,43.0,09,009,166002,3325.0
"Census Tract 1671, New Haven County, Connecticut",100145.0,382100.0,739.0,205.0,331.0,174.0,635.0,594.0,134.0,77.0,6143.0,7764.0,3184.0,3016.0,168.0,3016.0,2563.0,453.0,6760.0,468.0,90.0,63.0,117.0,146.0,186.0,359.0,650.0,243.0,42.0,101.0,79.0,61.0,50.0,105.0,20.0,97.0,115.0,255.0,291.0,399.0,307.0,82.0,98.0,53.0,29.0,13.0,09,009,167100,4051.0
"Census Tract 1672.01, New Haven County, Connecticut",69488.0,296100.0,274.0,95.0,26.0,75.0,238.0,219.0,21.0,0.0,3308.0,3965.0,1700.0,1627.0,73.0,1627.0,1340.0,287.0,3441.0,154.0,57.0,30.0,0.0,40.0,89.0,228.0,239.0,166.0,17.0,103.0,30.0,22.0,14.0,35.0,29.0,76.0,82.0,86.0,220.0,261.0,140.0,62.0,39.0,28.0,26.0,23.0,09,009,167201,2142.0
"Census Tract 1672.02, New Haven County, Connecticut",62400.0,295200.0,320.0,110.0,39.0,0.0,281.0,146.0,86.0,34.0,3723.0,4426.0,1788.0,1788.0,0.0,1788.0,1537.0,251.0,4211.0,35.0,32.0,36.0,91.0,102.0,114.0,201.0,299.0,100.0,18.0,94.0,65.0,39.0,0.0,50.0,25.0,43.0,50.0,69.0,230.0,294.0,127.0,38.0,39.0,20.0,0.0,20.0,09,009,167202,2196.0
"Census Tract 1673, New Haven County, Connecticut",85378.0,347400.0,502.0,192.0,31.0,18.0,521.0,167.0,27.0,28.0,6164.0,7772.0,2604.0,2523.0,81.0,2523.0,2264.0,259.0,7080.0,36.0,71.0,87.0,106.0,138.0,117.0,490.0,501.0,268.0,91.0,22.0,98.0,43.0,0.0,163.0,86.0,85.0,75.0,168.0,454.0,621.0,255.0,29.0,65.0,37.0,13.0,15.0,09,009,167300,4098.0
"Census Tract 1701, New Haven County, Connecticut",23611.0,166000.0,46.0,0.0,0.0,0.0,0.0,0.0,0.0,0.0,1135.0,1771.0,831.0,700.0,131.0,700.0,66.0,634.0,545.0,316.0,7.0,0.0,16.0,44.0,8.0,37.0,36.0,4.0,7.0,27.0,0.0,0.0,0.0,0.0,44.0,29.0,127.0,83.0,90.0,33.0,0.0,0.0,7.0,0.0,0.0,0.0,09,009,170100,599.0
"Census Tract 1702, New Haven County, Connecticut",16970.0,180800.0,9.0,36.0,0.0,0.0,29.0,21.0,0.0,0.0,1834.0,2445.0,1357.0,1125.0,232.0,1125.0,217.0,908.0,1267.0,279.0,8.0,20.0,0.0,77.0,30.0,120.0,50.0,46.0,0.0,19.0,28.0,0.0,0.0,0.0,24.0,31.0,20.0,99.0,62.0,47.0,23.0,0.0,0.0,0.0,0.0,0.0,09,009,170200,704.0
"Census Tract 1703, New Haven County, Connecticut",27068.0,157700.0,10.0,0.0,0.0,0.0,50.0,0.0,5.0,0.0,1790.0,2544.0,935.0,863.0,72.0,863.0,294.0,569.0,927.0,111.0,27.0,14.0,39.0,44.0,172.0,82.0,95.0,14.0,24.0,11.0,0.0,0.0,0.0,0.0,43.0,47.0,19.0,67.0,103.0,80.0,44.0,0.0,12.0,0.0,0.0,0.0,09,009,170300,937.0
"Census Tract 1704, New Haven County, Connecticut",61278.0,189400.0,85.0,18.0,0.0,7.0,97.0,37.0,0.0,0.0,1219.0,1431.0,763.0,706.0,57.0,706.0,363.0,343.0,1203.0,77.0,11.0,23.0,0.0,110.0,55.0,100.0,188.0,0.0,0.0,10.0,0.0,0.0,0.0,46.0,6.0,43.0,84.0,25.0,90.0,60.0,39.0,13.0,11.0,0.0,0.0,0.0,09,009,170400,914.0
"Census Tract 1705, New Haven County, Connecticut",83594.0,234300.0,417.0,142.0,60.0,25.0,322.0,147.0,83.0,22.0,4688.0,5754.0,2220.0,2165.0,55.0,2165.0,1982.0,183.0,5009.0,78.0,55.0,14.0,65.0,92.0,220.0,286.0,484.0,139.0,62.0,50.0,28.0,21.0,12.0,71.0,111.0,123.0,134.0,135.0,430.0,518.0,253.0,12.0,18.0,24.0,13.0,24.0,09,009,170500,3394.0
"Census Tract 1706, New Haven County, Connecticut",48083.0,195700.0,53.0,80.0,7.0,0.0,54.0,89.0,13.0,0.0,2188.0,2715.0,1130.0,1052.0,78.0,1052.0,677.0,375.0,2150.0,34.0,16.0,34.0,26.0,68.0,33.0,165.0,145.0,83.0,47.0,31.0,12.0,17.0,0.0,17.0,47.0,50.0,101.0,66.0,116.0,158.0,60.0,0.0,22.0,28.0,0.0,0.0,09,009,170600,1342.0
"Census Tract 1707, New Haven County, Connecticut",66893.0,221400.0,57.0,79.0,11.0,0.0,110.0,47.0,18.0,0.0,1966.0,2651.0,1013.0,839.0,174.0,839.0,568.0,271.0,1743.0,137.0,32.0,24.0,0.0,74.0,93.0,178.0,126.0,45.0,11.0,11.0,11.0,0.0,0.0,65.0,53.0,50.0,44.0,66.0,221.0,105.0,45.0,22.0,0.0,74.0,0.0,0.0,09,009,170700,1350.0
"Census Tract 1708, New Haven County, Connecticut",42218.0,187900.0,220.0,25.0,0.0,53.0,161.0,92.0,0.0,0.0,5179.0,6213.0,2486.0,2230.0,256.0,2230.0,1429.0,801.0,4636.0,380.0,134.0,44.0,193.0,201.0,64.0,361.0,359.0,177.0,0.0,34.0,27.0,0.0,33.0,104.0,61.0,72.0,76.0,288.0,196.0,284.0,172.0,65.0,31.0,29.0,0.0,16.0,09,009,170800,3021.0
"Census Tract 1709, New Haven County, Connecticut",36875.0,175100.0,10.0,29.0,0.0,0.0,29.0,10.0,0.0,0.0,1548.0,2047.0,856.0,690.0,166.0,690.0,377.0,313.0,763.0,228.0,102.0,59.0,0.0,76.0,16.0,125.0,118.0,17.0,0.0,0.0,11.0,0.0,0.0,143.0,0.0,14.0,3.0,40.0,90.0,59.0,11.0,0.0,0.0,0.0,0.0,0.0,09,009,170900,884.0
"Census Tract 1710, New Haven County, Connecticut",14708.0,237500.0,43.0,0.0,0.0,0.0,29.0,0.0,0.0,0.0,1263.0,1692.0,1041.0,937.0,104.0,937.0,73.0,864.0,911.0,56.0,2.0,41.0,23.0,49.0,143.0,67.0,61.0,2.0,8.0,0.0,14.0,0.0,0.0,0.0,12.0,0.0,66.0,33.0,77.0,7.0,13.0,0.0,7.0,0.0,0.0,0.0,09,009,171000,625.0
"Census Tract 1711, New Haven County, Connecticut",67711.0,209800.0,254.0,56.0,34.0,0.0,176.0,136.0,16.0,0.0,3885.0,4828.0,2338.0,2186.0,152.0,2186.0,1862.0,324.0,3712.0,253.0,19.0,64.0,47.0,69.0,189.0,415.0,404.0,114.0,54.0,37.0,46.0,0.0,0.0,7.0,0.0,75.0,119.0,95.0,208.0,272.0,206.0,45.0,34.0,42.0,15.0,0.0,09,009,171100,2576.0
"Census Tract 1712, New Haven County, Connecticut",79226.0,232200.0,314.0,251.0,40.0,19.0,571.0,405.0,51.0,0.0,6884.0,8046.0,3243.0,3229.0,14.0,3229.0,2958.0,271.0,7133.0,264.0,50.0,34.0,60.0,192.0,129.0,599.0,757.0,214.0,35.0,80.0,70.0,14.0,0.0,78.0,101.0,31.0,204.0,205.0,468.0,809.0,118.0,40.0,31.0,80.0,0.0,13.0,09,009,171200,4412.0
"Census Tract 1713, New Haven County, Connecticut",58393.0,196900.0,160.0,73.0,12.0,42.0,94.0,103.0,0.0,3.0,2806.0,3587.0,1572.0,1472.0,100.0,1472.0,1039.0,433.0,2570.0,261.0,25.0,4.0,47.0,265.0,108.0,120.0,186.0,60.0,17.0,11.0,9.0,13.0,10.0,59.0,31.0,107.0,127.0,159.0,117.0,209.0,117.0,11.0,40.0,9.0,8.0,0.0,09,009,171300,1869.0
"Census Tract 1714, New Haven County, Connecticut",34375.0,188200.0,14.0,0.0,0.0,0.0,9.0,58.0,0.0,0.0,1711.0,2254.0,952.0,888.0,64.0,888.0,332.0,556.0,1324.0,301.0,27.0,0.0,19.0,66.0,76.0,96.0,126.0,45.0,0.0,10.0,0.0,0.0,0.0,28.0,60.0,29.0,106.0,23.0,97.0,105.0,46.0,23.0,0.0,11.0,0.0,12.0,09,009,171400,1005.0
"Census Tract 1715, New Haven County, Connecticut",42153.0,172000.0,109.0,10.0,0.0,11.0,33.0,37.0,0.0,0.0,2466.0,3503.0,1437.0,1171.0,266.0,1171.0,290.0,881.0,1358.0,800.0,58.0,0.0,41.0,101.0,135.0,301.0,138.0,16.0,36.0,10.0,0.0,0.0,0.0,110.0,58.0,26.0,146.0,155.0,191.0,92.0,74.0,0.0,8.0,0.0,0.0,0.0,09,009,171500,1696.0
"Census Tract 1716, New Haven County, Connecticut",68255.0,179700.0,318.0,77.0,0.0,48.0,341.0,68.0,42.0,10.0,4260.0,4985.0,2164.0,2054.0,110.0,2054.0,1367.0,687.0,3155.0,532.0,15.0,39.0,92.0,148.0,14.0,360.0,415.0,185.0,32.0,33.0,46.0,26.0,0.0,21.0,21.0,188.0,120.0,116.0,290.0,296.0,105.0,62.0,0.0,46.0,18.0,0.0,09,009,171600,2688.0
"Census Tract 1717, New Haven County, Connecticut",71071.0,225400.0,324.0,109.0,14.0,0.0,262.0,189.0,32.0,0.0,3385.0,4018.0,1665.0,1554.0,111.0,1554.0,1331.0,223.0,3515.0,240.0,72.0,29.0,8.0,108.0,36.0,324.0,295.0,124.0,34.0,43.0,9.0,0.0,0.0,56.0,44.0,37.0,51.0,64.0,260.0,214.0,140.0,28.0,26.0,67.0,28.0,0.0,09,009,171700,2097.0
"Census Tract 1751, New Haven County, Connecticut",61540.0,256400.0,265.0,117.0,34.0,11.0,384.0,155.0,37.0,11.0,2724.0,3376.0,1401.0,1317.0,84.0,1317.0,616.0,701.0,3016.0,0.0,65.0,28.0,32.0,155.0,99.0,235.0,164.0,100.0,47.0,12.0,24.0,0.0,12.0,49.0,20.0,18.0,159.0,84.0,131.0,277.0,48.0,63.0,20.0,23.0,0.0,0.0,09,009,175100,1865.0
"Census Tract 1752, New Haven County, Connecticut",44722.0,231400.0,35.0,35.0,0.0,15.0,61.0,91.0,25.0,15.0,2206.0,2739.0,1118.0,1102.0,16.0,1102.0,524.0,578.0,2394.0,66.0,108.0,64.0,58.0,127.0,80.0,170.0,181.0,27.0,0.0,15.0,26.0,0.0,0.0,0.0,0.0,18.0,95.0,69.0,229.0,97.0,23.0,26.0,15.0,7.0,0.0,28.0,09,009,175200,1463.0
"Census Tract 1753, New Haven County, Connecticut",63180.0,252700.0,252.0,63.0,22.0,17.0,266.0,127.0,9.0,0.0,3451.0,4248.0,1788.0,1709.0,79.0,1709.0,1245.0,464.0,3967.0,50.0,10.0,10.0,18.0,78.0,81.0,298.0,218.0,111.0,32.0,21.0,49.0,30.0,8.0,57.0,33.0,73.0,115.0,118.0,254.0,193.0,156.0,73.0,42.0,32.0,23.0,0.0,09,009,175300,2133.0
"Census Tract 1754, New Haven County, Connecticut",53885.0,243800.0,126.0,74.0,9.0,10.0,183.0,84.0,19.0,8.0,3607.0,4412.0,1926.0,1834.0,92.0,1834.0,935.0,899.0,3952.0,91.0,30.0,64.0,98.0,212.0,257.0,333.0,237.0,130.0,32.0,54.0,18.0,0.0,0.0,68.0,38.0,39.0,157.0,159.0,279.0,207.0,101.0,40.0,67.0,43.0,8.0,0.0,09,009,175400,2671.0
"Census Tract 1755, New Haven County, Connecticut",75372.0,263800.0,726.0,209.0,52.0,116.0,560.0,302.0,89.0,61.0,6550.0,7634.0,3272.0,3182.0,90.0,3182.0,2448.0,734.0,7293.0,154.0,92.0,16.0,121.0,373.0,238.0,361.0,514.0,249.0,30.0,38.0,104.0,24.0,32.0,44.0,72.0,45.0,249.0,179.0,352.0,626.0,192.0,60.0,43.0,63.0,24.0,25.0,09,009,175500,4166.0
"Census Tract 1756, New Haven County, Connecticut",69688.0,248300.0,304.0,108.0,55.0,8.0,274.0,245.0,62.0,8.0,3964.0,5038.0,1944.0,1913.0,31.0,1913.0,1621.0,292.0,4464.0,20.0,33.0,36.0,48.0,64.0,66.0,319.0,557.0,79.0,30.0,80.0,72.0,37.0,34.0,66.0,31.0,80.0,118.0,87.0,363.0,335.0,110.0,0.0,96.0,44.0,28.0,7.0,09,009,175600,2820.0
"Census Tract 1757, New Haven County, Connecticut",96827.0,320300.0,83.0,28.0,35.0,15.0,138.0,183.0,23.0,8.0,1922.0,2420.0,909.0,909.0,0.0,909.0,755.0,154.0,2296.0,0.0,22.0,15.0,0.0,31.0,104.0,136.0,212.0,95.0,33.0,33.0,12.0,40.0,11.0,40.0,0.0,13.0,104.0,63.0,127.0,171.0,102.0,37.0,13.0,0.0,0.0,8.0,09,009,175700,1422.0
"Census Tract 1758, New Haven County, Connecticut",102724.0,383100.0,359.0,153.0,36.0,17.0,423.0,185.0,26.0,35.0,3111.0,4082.0,1419.0,1361.0,58.0,1361.0,1237.0,124.0,3885.0,37.0,26.0,10.0,55.0,75.0,112.0,251.0,341.0,108.0,27.0,84.0,24.0,28.0,0.0,37.0,0.0,62.0,93.0,110.0,190.0,342.0,95.0,58.0,29.0,36.0,0.0,11.0,09,009,175800,2204.0
"Census Tract 1759, New Haven County, Connecticut",64119.0,271400.0,333.0,71.0,0.0,19.0,300.0,182.0,63.0,0.0,4237.0,4891.0,2163.0,2057.0,106.0,2057.0,1254.0,803.0,4512.0,159.0,31.0,18.0,17.0,250.0,217.0,249.0,217.0,233.0,17.0,46.0,105.0,26.0,0.0,17.0,46.0,62.0,179.0,115.0,179.0,233.0,194.0,27.0,37.0,16.0,0.0,13.0,09,009,175900,2544.0
"Census Tract 1760, New Haven County, Connecticut",92672.0,354900.0,546.0,237.0,19.0,47.0,598.0,221.0,20.0,0.0,4946.0,5946.0,2337.0,2189.0,148.0,2189.0,2120.0,69.0,5863.0,10.0,70.0,39.0,105.0,30.0,116.0,405.0,599.0,306.0,29.0,111.0,76.0,16.0,0.0,43.0,30.0,51.0,68.0,70.0,379.0,501.0,189.0,31.0,93.0,47.0,69.0,0.0,09,009,176000,3473.0
"Census Tract 1801, New Haven County, Connecticut",62106.0,258900.0,394.0,93.0,87.0,0.0,277.0,201.0,158.0,37.0,5731.0,6893.0,3227.0,2931.0,296.0,2931.0,2253.0,678.0,6396.0,115.0,16.0,62.0,33.0,58.0,171.0,404.0,456.0,148.0,49.0,121.0,63.0,28.0,0.0,91.0,78.0,98.0,50.0,125.0,368.0,478.0,291.0,67.0,69.0,85.0,42.0,14.0,09,009,180100,3465.0
"Census Tract 1802, New Haven County, Connecticut",59588.0,237200.0,189.0,58.0,0.0,0.0,342.0,86.0,0.0,0.0,4444.0,5345.0,2392.0,2257.0,135.0,2257.0,1447.0,810.0,4968.0,166.0,22.0,23.0,72.0,357.0,241.0,199.0,343.0,79.0,76.0,17.0,29.0,67.0,12.0,53.0,54.0,76.0,211.0,139.0,176.0,257.0,135.0,0.0,0.0,80.0,0.0,0.0,09,009,180200,2718.0
"Census Tract 1803, New Haven County, Connecticut",40966.0,237400.0,125.0,41.0,33.0,12.0,104.0,70.0,53.0,0.0,2244.0,2661.0,1100.0,1047.0,53.0,1047.0,549.0,498.0,2164.0,0.0,90.0,42.0,32.0,32.0,74.0,138.0,180.0,22.0,23.0,46.0,23.0,0.0,11.0,45.0,0.0,35.0,70.0,99.0,180.0,161.0,56.0,0.0,0.0,9.0,21.0,0.0,09,009,180300,1389.0
"Census Tract 1804, New Haven County, Connecticut",64444.0,254100.0,107.0,42.0,0.0,9.0,119.0,74.0,40.0,26.0,2061.0,2589.0,947.0,904.0,43.0,904.0,730.0,174.0,2216.0,82.0,29.0,15.0,43.0,54.0,19.0,203.0,151.0,75.0,9.0,26.0,20.0,20.0,9.0,16.0,33.0,6.0,85.0,43.0,134.0,146.0,94.0,29.0,25.0,9.0,0.0,0.0,09,009,180400,1293.0
"Census Tract 1805, New Haven County, Connecticut",63579.0,239900.0,105.0,75.0,23.0,10.0,204.0,94.0,30.0,0.0,3733.0,4615.0,1772.0,1689.0,83.0,1689.0,1399.0,290.0,4095.0,119.0,42.0,47.0,111.0,102.0,66.0,389.0,244.0,83.0,10.0,60.0,28.0,0.0,19.0,22.0,51.0,111.0,126.0,108.0,313.0,279.0,89.0,36.0,55.0,11.0,0.0,45.0,09,009,180500,2447.0
"Census Tract 1806.01, New Haven County, Connecticut",51378.0,232700.0,85.0,19.0,0.0,11.0,45.0,47.0,0.0,10.0,2728.0,3203.0,1254.0,1221.0,33.0,1221.0,1072.0,149.0,3082.0,100.0,12.0,54.0,47.0,68.0,47.0,117.0,237.0,60.0,41.0,8.0,19.0,8.0,0.0,29.0,14.0,23.0,56.0,37.0,160.0,163.0,84.0,17.0,45.0,7.0,0.0,12.0,09,009,180601,1365.0
"Census Tract 1806.02, New Haven County, Connecticut",74250.0,250800.0,285.0,57.0,10.0,10.0,130.0,69.0,39.0,0.0,3214.0,3768.0,1489.0,1457.0,32.0,1457.0,1411.0,46.0,3687.0,38.0,48.0,9.0,65.0,92.0,130.0,215.0,277.0,135.0,33.0,22.0,36.0,32.0,36.0,36.0,16.0,81.0,57.0,60.0,186.0,272.0,180.0,21.0,54.0,28.0,20.0,0.0,09,009,180602,2141.0
"Census Tract 1841, New Haven County, Connecticut",54294.0,265900.0,521.0,177.0,50.0,15.0,477.0,97.0,38.0,14.0,4700.0,5490.0,2672.0,2518.0,154.0,2518.0,1085.0,1433.0,5315.0,15.0,0.0,37.0,187.0,170.0,147.0,210.0,418.0,256.0,0.0,45.0,18.0,14.0,15.0,160.0,15.0,97.0,148.0,132.0,305.0,354.0,72.0,49.0,37.0,40.0,40.0,26.0,09,009,184100,2992.0
"Census Tract 1842, New Haven County, Connecticut",67482.0,204300.0,382.0,99.0,42.0,55.0,439.0,199.0,28.0,0.0,3474.0,4065.0,1871.0,1741.0,130.0,1741.0,1310.0,431.0,3222.0,74.0,18.0,26.0,79.0,61.0,123.0,328.0,302.0,136.0,11.0,49.0,31.0,0.0,40.0,9.0,7.0,109.0,136.0,91.0,322.0,261.0,84.0,62.0,80.0,31.0,9.0,0.0,09,009,184200,2405.0
"Census Tract 1843, New Haven County, Connecticut",68427.0,337800.0,391.0,144.0,49.0,30.0,481.0,305.0,53.0,16.0,3733.0,4276.0,2247.0,2015.0,232.0,2015.0,1435.0,580.0,3762.0,69.0,0.0,0.0,79.0,77.0,53.0,233.0,248.0,92.0,51.0,24.0,54.0,51.0,33.0,18.0,25.0,24.0,47.0,98.0,297.0,207.0,218.0,43.0,106.0,82.0,49.0,0.0,09,009,184300,2209.0
"Census Tract 1844, New Haven County, Connecticut",85948.0,435700.0,332.0,161.0,92.0,28.0,289.0,268.0,45.0,62.0,2853.0,3200.0,1714.0,1516.0,198.0,1516.0,1089.0,427.0,3042.0,34.0,51.0,13.0,41.0,6.0,23.0,242.0,253.0,101.0,29.0,30.0,40.0,33.0,41.0,82.0,52.0,24.0,37.0,38.0,154.0,245.0,79.0,81.0,31.0,13.0,0.0,0.0,09,009,184400,1739.0
"Census Tract 1845, New Haven County, Connecticut",77697.0,366400.0,200.0,127.0,42.0,19.0,134.0,133.0,50.0,10.0,2052.0,2464.0,933.0,923.0,10.0,923.0,837.0,86.0,2322.0,61.0,16.0,11.0,18.0,18.0,23.0,129.0,212.0,53.0,9.0,20.0,0.0,0.0,11.0,7.0,27.0,0.0,17.0,9.0,109.0,239.0,26.0,41.0,0.0,22.0,19.0,11.0,09,009,184500,1047.0
"Census Tract 1846, New Haven County, Connecticut",98558.0,625000.0,210.0,125.0,186.0,103.0,252.0,296.0,47.0,45.0,2256.0,2972.0,1232.0,1095.0,137.0,1095.0,957.0,138.0,2933.0,0.0,7.0,0.0,12.0,24.0,29.0,155.0,222.0,135.0,25.0,59.0,57.0,22.0,49.0,27.0,14.0,69.0,40.0,13.0,188.0,219.0,123.0,15.0,32.0,16.0,15.0,0.0,09,009,184600,1567.0
"Census Tract 1847, New Haven County, Connecticut",75169.0,257100.0,379.0,207.0,67.0,53.0,422.0,298.0,25.0,0.0,4636.0,5727.0,2442.0,2311.0,131.0,2311.0,1987.0,324.0,5166.0,98.0,47.0,29.0,59.0,59.0,117.0,204.0,526.0,151.0,47.0,67.0,58.0,29.0,15.0,62.0,18.0,95.0,89.0,137.0,397.0,395.0,268.0,0.0,93.0,83.0,14.0,36.0,09,009,184700,3095.0
"Census Tract 1861, New Haven County, Connecticut",71269.0,302400.0,651.0,177.0,65.0,67.0,534.0,458.0,38.0,14.0,5979.0,7224.0,3072.0,2945.0,127.0,2945.0,2388.0,557.0,6881.0,131.0,51.0,15.0,39.0,185.0,171.0,529.0,396.0,188.0,98.0,120.0,42.0,32.0,31.0,60.0,81.0,66.0,187.0,178.0,360.0,446.0,170.0,132.0,90.0,65.0,16.0,0.0,09,009,186100,3748.0
"Census Tract 1862, New Haven County, Connecticut",91904.0,338800.0,598.0,220.0,29.0,39.0,268.0,319.0,75.0,0.0,5595.0,7107.0,2551.0,2496.0,55.0,2496.0,2276.0,220.0,6766.0,34.0,34.0,57.0,125.0,79.0,180.0,489.0,571.0,352.0,17.0,0.0,70.0,50.0,9.0,102.0,21.0,42.0,39.0,214.0,316.0,626.0,274.0,61.0,49.0,55.0,11.0,10.0,09,009,186200,3853.0
"Census Tract 1901, New Haven County, Connecticut",77037.0,410300.0,222.0,158.0,80.0,104.0,255.0,195.0,80.0,55.0,2714.0,3326.0,1583.0,1550.0,33.0,1550.0,1132.0,418.0,3154.0,29.0,22.0,0.0,15.0,76.0,63.0,140.0,289.0,67.0,47.0,14.0,35.0,60.0,38.0,21.0,0.0,17.0,59.0,58.0,178.0,275.0,126.0,41.0,27.0,114.0,33.0,0.0,09,009,190100,1815.0
"Census Tract 1902, New Haven County, Connecticut",90878.0,530400.0,265.0,187.0,127.0,156.0,358.0,311.0,62.0,104.0,2762.0,3291.0,1917.0,1462.0,455.0,1462.0,1149.0,313.0,3121.0,52.0,40.0,39.0,41.0,26.0,20.0,142.0,247.0,147.0,88.0,66.0,68.0,45.0,33.0,43.0,8.0,33.0,43.0,20.0,118.0,230.0,145.0,59.0,81.0,86.0,26.0,8.0,09,009,190200,1902.0
"Census Tract 1903.01, New Haven County, Connecticut",110000.0,419900.0,613.0,386.0,123.0,172.0,586.0,541.0,38.0,15.0,5066.0,6506.0,2465.0,2360.0,105.0,2360.0,2219.0,141.0,6290.0,25.0,147.0,93.0,42.0,40.0,132.0,415.0,577.0,363.0,59.0,123.0,73.0,32.0,22.0,50.0,0.0,0.0,79.0,83.0,323.0,452.0,250.0,73.0,85.0,49.0,16.0,28.0,09,009,190301,3606.0
"Census Tract 1903.02, New Haven County, Connecticut",103964.0,419600.0,548.0,239.0,121.0,104.0,501.0,498.0,44.0,42.0,4488.0,5558.0,2169.0,2111.0,58.0,2111.0,2010.0,101.0,5158.0,69.0,46.0,18.0,49.0,71.0,17.0,306.0,392.0,149.0,53.0,223.0,33.0,16.0,52.0,62.0,39.0,111.0,65.0,124.0,302.0,489.0,124.0,101.0,46.0,29.0,26.0,0.0,09,009,190302,2943.0
"Census Tract 1903.03, New Haven County, Connecticut",106583.0,418400.0,311.0,178.0,56.0,41.0,464.0,287.0,40.0,7.0,2685.0,3541.0,1294.0,1283.0,11.0,1283.0,1191.0,92.0,3398.0,116.0,38.0,22.0,35.0,27.0,81.0,268.0,344.0,106.0,23.0,56.0,18.0,0.0,0.0,0.0,0.0,15.0,109.0,65.0,181.0,319.0,82.0,43.0,62.0,27.0,8.0,0.0,09,009,190303,1929.0
"Census Tract 1941, New Haven County, Connecticut",96324.0,495900.0,714.0,364.0,140.0,59.0,811.0,295.0,30.0,49.0,4463.0,5326.0,3113.0,2246.0,867.0,2246.0,1893.0,353.0,5268.0,0.0,13.0,136.0,0.0,21.0,31.0,205.0,346.0,228.0,63.0,107.0,48.0,32.0,25.0,36.0,52.0,16.0,0.0,75.0,275.0,302.0,170.0,47.0,63.0,38.0,35.0,37.0,09,009,194100,2401.0
"Census Tract 1942.01, New Haven County, Connecticut",110205.0,439100.0,705.0,466.0,241.0,206.0,840.0,607.0,74.0,45.0,5691.0,7553.0,2786.0,2566.0,220.0,2566.0,2308.0,258.0,7047.0,139.0,37.0,13.0,29.0,114.0,109.0,469.0,762.0,227.0,86.0,104.0,55.0,26.0,55.0,120.0,26.0,0.0,49.0,111.0,475.0,618.0,185.0,82.0,32.0,58.0,0.0,42.0,09,009,194201,3884.0
"Census Tract 1942.02, New Haven County, Connecticut",116964.0,488900.0,552.0,269.0,150.0,159.0,578.0,342.0,137.0,28.0,3994.0,5350.0,1965.0,1872.0,93.0,1872.0,1759.0,113.0,5144.0,30.0,24.0,31.0,16.0,35.0,36.0,384.0,508.0,154.0,64.0,61.0,38.0,29.0,10.0,68.0,0.0,39.0,55.0,27.0,182.0,431.0,105.0,38.0,56.0,38.0,32.0,0.0,09,009,194202,2461.0
"Census Tract 3411, New Haven County, Connecticut",81214.0,308800.0,318.0,158.0,61.0,0.0,378.0,110.0,42.0,10.0,4685.0,5909.0,2447.0,2278.0,169.0,2278.0,1872.0,406.0,5500.0,101.0,14.0,99.0,15.0,166.0,123.0,521.0,397.0,191.0,87.0,69.0,31.0,0.0,22.0,51.0,15.0,92.0,85.0,167.0,280.0,334.0,296.0,0.0,37.0,34.0,12.0,0.0,09,009,341100,3138.0
"Census Tract 3431.01, New Haven County, Connecticut",119279.0,368500.0,434.0,140.0,101.0,53.0,287.0,247.0,82.0,15.0,5399.0,6275.0,1207.0,1195.0,12.0,1195.0,1094.0,101.0,3909.0,1289.0,10.0,50.0,55.0,33.0,89.0,318.0,238.0,109.0,67.0,47.0,13.0,0.0,14.0,64.0,47.0,26.0,33.0,64.0,272.0,217.0,117.0,43.0,65.0,68.0,0.0,0.0,09,009,343101,2059.0
"Census Tract 3431.02, New Haven County, Connecticut",95231.0,369600.0,404.0,177.0,48.0,27.0,253.0,288.0,26.0,29.0,3290.0,3901.0,1452.0,1442.0,10.0,1442.0,1055.0,387.0,3578.0,51.0,17.0,43.0,77.0,40.0,38.0,221.0,338.0,122.0,28.0,29.0,44.0,30.0,12.0,23.0,10.0,47.0,22.0,66.0,170.0,245.0,119.0,10.0,51.0,21.0,19.0,9.0,09,009,343102,1851.0
"Census Tract 3432, New Haven County, Connecticut",120085.0,340500.0,680.0,288.0,49.0,37.0,609.0,384.0,113.0,40.0,4627.0,6171.0,2079.0,1994.0,85.0,1994.0,1721.0,273.0,5586.0,46.0,48.0,29.0,47.0,52.0,149.0,473.0,500.0,246.0,16.0,39.0,64.0,8.0,0.0,65.0,16.0,99.0,84.0,190.0,423.0,603.0,112.0,79.0,39.0,46.0,0.0,10.0,09,009,343200,3437.0
"Census Tract 3433, New Haven County, Connecticut",99688.0,377700.0,590.0,316.0,142.0,137.0,647.0,304.0,104.0,58.0,4768.0,6146.0,2615.0,2386.0,229.0,2386.0,2000.0,386.0,5436.0,170.0,0.0,0.0,13.0,69.0,88.0,436.0,516.0,217.0,79.0,35.0,43.0,23.0,0.0,34.0,49.0,60.0,15.0,78.0,291.0,574.0,186.0,73.0,39.0,14.0,49.0,40.0,09,009,343300,3021.0
"Census Tract 3434, New Haven County, Connecticut",107823.0,344900.0,650.0,404.0,155.0,79.0,606.0,555.0,185.0,8.0,5126.0,6690.0,2238.0,2197.0,41.0,2197.0,1981.0,216.0,6299.0,0.0,14.0,49.0,102.0,79.0,140.0,557.0,488.0,134.0,68.0,81.0,46.0,17.0,9.0,43.0,14.0,63.0,93.0,82.0,372.0,419.0,193.0,32.0,9.0,108.0,56.0,9.0,09,009,343400,3277.0
"Census Tract 3441, New Haven County, Connecticut",95452.0,379600.0,421.0,256.0,81.0,34.0,368.0,293.0,42.0,37.0,3870.0,4911.0,1839.0,1801.0,38.0,1801.0,1581.0,220.0,4505.0,54.0,40.0,10.0,35.0,109.0,82.0,388.0,283.0,172.0,97.0,76.0,55.0,56.0,14.0,15.0,17.0,39.0,75.0,76.0,225.0,275.0,145.0,19.0,48.0,35.0,9.0,47.0,09,009,344100,2442.0
"Census Tract 3442, New Haven County, Connecticut",107668.0,449200.0,302.0,60.0,47.0,8.0,312.0,166.0,29.0,0.0,1940.0,2479.0,929.0,865.0,64.0,865.0,828.0,37.0,2273.0,0.0,5.0,43.0,0.0,13.0,74.0,207.0,168.0,50.0,15.0,30.0,15.0,17.0,0.0,12.0,10.0,10.0,65.0,44.0,154.0,154.0,55.0,16.0,16.0,6.0,7.0,0.0,09,009,344200,1186.0
"Census Tract 3451, New Haven County, Connecticut",61351.0,234800.0,293.0,136.0,13.0,39.0,334.0,83.0,37.0,21.0,5329.0,6921.0,2984.0,2768.0,216.0,2768.0,1967.0,801.0,6257.0,90.0,18.0,98.0,86.0,192.0,172.0,641.0,358.0,136.0,59.0,117.0,13.0,0.0,0.0,62.0,31.0,44.0,157.0,234.0,267.0,494.0,315.0,47.0,11.0,58.0,0.0,0.0,09,009,345100,3610.0
"Census Tract 3452.01, New Haven County, Connecticut",61845.0,226100.0,375.0,42.0,15.0,0.0,285.0,172.0,8.0,0.0,5500.0,6768.0,2689.0,2444.0,245.0,2444.0,1724.0,720.0,5990.0,153.0,110.0,64.0,64.0,306.0,119.0,443.0,278.0,212.0,73.0,49.0,77.0,0.0,0.0,53.0,0.0,174.0,251.0,171.0,416.0,438.0,122.0,88.0,129.0,79.0,0.0,0.0,09,009,345201,3716.0
"Census Tract 3452.02, New Haven County, Connecticut",72795.0,216100.0,291.0,55.0,0.0,0.0,245.0,116.0,0.0,0.0,3541.0,4373.0,1710.0,1661.0,49.0,1661.0,1620.0,41.0,3879.0,327.0,37.0,10.0,39.0,97.0,226.0,302.0,349.0,94.0,40.0,35.0,5.0,0.0,12.0,94.0,35.0,110.0,175.0,99.0,244.0,315.0,66.0,61.0,56.0,12.0,0.0,0.0,09,009,345202,2513.0
"Census Tract 3453, New Haven County, Connecticut",43212.0,222500.0,146.0,166.0,55.0,14.0,390.0,129.0,24.0,0.0,4996.0,6277.0,2896.0,2597.0,299.0,2597.0,1297.0,1300.0,5109.0,447.0,32.0,21.0,129.0,103.0,190.0,404.0,362.0,191.0,35.0,24.0,54.0,0.0,20.0,134.0,108.0,62.0,136.0,219.0,222.0,479.0,99.0,66.0,20.0,23.0,0.0,11.0,09,009,345300,3144.0
"Census Tract 3454, New Haven County, Connecticut",61869.0,245000.0,340.0,221.0,94.0,13.0,369.0,174.0,41.0,0.0,6026.0,7407.0,3104.0,2899.0,205.0,2899.0,2102.0,797.0,6361.0,254.0,111.0,40.0,256.0,189.0,403.0,329.0,540.0,195.0,0.0,78.0,82.0,0.0,39.0,70.0,110.0,37.0,196.0,145.0,329.0,509.0,107.0,34.0,20.0,38.0,13.0,0.0,09,009,345400,3870.0
"Census Tract 3461.01, New Haven County, Connecticut",107125.0,389900.0,536.0,211.0,114.0,31.0,441.0,268.0,33.0,9.0,5122.0,6419.0,2386.0,2285.0,101.0,2285.0,2192.0,93.0,6200.0,0.0,114.0,15.0,17.0,85.0,162.0,399.0,556.0,186.0,118.0,46.0,48.0,35.0,0.0,109.0,22.0,30.0,85.0,119.0,309.0,588.0,180.0,77.0,57.0,62.0,9.0,11.0,09,009,346101,3439.0
"Census Tract 3461.02, New Haven County, Connecticut",108051.0,412600.0,435.0,195.0,55.0,27.0,477.0,295.0,10.0,23.0,4442.0,5773.0,2014.0,1965.0,49.0,1965.0,1861.0,104.0,5463.0,63.0,7.0,15.0,77.0,35.0,85.0,651.0,473.0,168.0,46.0,60.0,32.0,9.0,11.0,103.0,0.0,45.0,82.0,174.0,414.0,500.0,121.0,25.0,31.0,12.0,22.0,0.0,09,009,346102,3198.0
"Census Tract 3471, New Haven County, Connecticut",84808.0,311000.0,327.0,165.0,23.0,56.0,340.0,308.0,10.0,9.0,4220.0,5218.0,1954.0,1954.0,0.0,1954.0,1821.0,133.0,5045.0,36.0,92.0,53.0,65.0,76.0,73.0,393.0,553.0,152.0,84.0,48.0,23.0,13.0,0.0,42.0,25.0,67.0,45.0,149.0,308.0,410.0,147.0,29.0,94.0,12.0,10.0,10.0,09,009,347100,2973.0
"Census Tract 3472, New Haven County, Connecticut",90000.0,342100.0,240.0,108.0,33.0,4.0,324.0,113.0,0.0,9.0,3080.0,4064.0,1408.0,1346.0,62.0,1346.0,1240.0,106.0,3778.0,40.0,96.0,23.0,45.0,47.0,126.0,215.0,327.0,211.0,32.0,22.0,28.0,25.0,0.0,96.0,0.0,18.0,15.0,149.0,215.0,322.0,113.0,37.0,24.0,30.0,0.0,9.0,09,009,347200,2225.0
"Census Tract 3481.11, New Haven County, Connecticut",92292.0,389600.0,205.0,130.0,35.0,33.0,213.0,145.0,63.0,9.0,2651.0,3275.0,850.0,792.0,58.0,792.0,762.0,30.0,2993.0,84.0,19.0,0.0,15.0,16.0,38.0,100.0,272.0,44.0,30.0,13.0,0.0,0.0,0.0,101.0,25.0,0.0,45.0,42.0,94.0,222.0,24.0,0.0,21.0,0.0,0.0,0.0,09,009,348111,1121.0
"Census Tract 3481.22, New Haven County, Connecticut",126406.0,460600.0,550.0,184.0,86.0,11.0,443.0,236.0,45.0,0.0,3728.0,4648.0,1332.0,1270.0,62.0,1270.0,1188.0,82.0,4347.0,123.0,11.0,14.0,0.0,98.0,102.0,207.0,381.0,91.0,36.0,59.0,36.0,0.0,18.0,35.0,24.0,58.0,40.0,79.0,202.0,318.0,142.0,25.0,30.0,0.0,0.0,0.0,09,009,348122,2006.0
"Census Tract 3481.23, New Haven County, Connecticut",101574.0,432200.0,603.0,232.0,44.0,24.0,402.0,329.0,28.0,33.0,3960.0,5113.0,1886.0,1842.0,44.0,1842.0,1758.0,84.0,4924.0,17.0,59.0,18.0,69.0,63.0,120.0,331.0,543.0,159.0,42.0,42.0,16.0,31.0,0.0,96.0,16.0,51.0,35.0,172.0,246.0,429.0,169.0,38.0,0.0,0.0,0.0,0.0,09,009,348123,2745.0
"Census Tract 3481.24, New Haven County, Connecticut",44444.0,232900.0,173.0,70.0,87.0,55.0,305.0,150.0,0.0,0.0,2326.0,2424.0,1302.0,1142.0,160.0,1142.0,854.0,288.0,2413.0,0.0,19.0,14.0,0.0,16.0,0.0,11.0,58.0,57.0,18.0,20.0,14.0,0.0,22.0,0.0,0.0,11.0,25.0,7.0,67.0,54.0,19.0,21.0,58.0,30.0,23.0,50.0,09,009,348124,614.0
"Census Tract 3481.25, New Haven County, Connecticut",42923.0,204200.0,415.0,268.0,67.0,65.0,475.0,219.0,10.0,15.0,3786.0,4230.0,2595.0,2377.0,218.0,2377.0,2076.0,301.0,4068.0,0.0,14.0,24.0,9.0,5.0,6.0,134.0,154.0,58.0,0.0,56.0,10.0,40.0,55.0,30.0,0.0,0.0,16.0,7.0,120.0,109.0,53.0,30.0,37.0,36.0,118.0,14.0,09,009,348125,1135.0
"Census Tract 3501, New Haven County, Connecticut",10745.0,275000.0,96.0,23.0,0.0,0.0,106.0,14.0,0.0,0.0,3381.0,4446.0,2922.0,2385.0,537.0,2385.0,3.0,2382.0,2152.0,851.0,0.0,35.0,0.0,136.0,48.0,57.0,76.0,184.0,0.0,15.0,0.0,13.0,0.0,0.0,17.0,109.0,60.0,80.0,59.0,0.0,0.0,0.0,0.0,0.0,3.0,0.0,09,009,350100,892.0
"Census Tract 3502, New Haven County, Connecticut",23480.0,164100.0,18.0,20.0,0.0,35.0,27.0,35.0,0.0,0.0,1946.0,2882.0,1584.0,1093.0,491.0,1093.0,227.0,866.0,663.0,1109.0,0.0,104.0,0.0,37.0,59.0,81.0,23.0,73.0,9.0,0.0,7.0,0.0,0.0,11.0,0.0,49.0,63.0,78.0,80.0,43.0,32.0,33.0,10.0,0.0,0.0,0.0,09,009,350200,792.0
"Census Tract 3503, New Haven County, Connecticut",19917.0,113700.0,0.0,0.0,0.0,0.0,20.0,0.0,0.0,0.0,1170.0,1888.0,960.0,596.0,364.0,596.0,155.0,441.0,325.0,1010.0,0.0,14.0,48.0,36.0,8.0,8.0,23.0,12.0,0.0,0.0,0.0,0.0,0.0,25.0,12.0,0.0,85.0,33.0,74.0,90.0,18.0,0.0,0.0,0.0,0.0,0.0,09,009,350300,486.0
"Census Tract 3504, New Haven County, Connecticut",25859.0,160100.0,52.0,0.0,0.0,0.0,12.0,11.0,0.0,0.0,1839.0,2319.0,1329.0,941.0,388.0,941.0,273.0,668.0,759.0,777.0,4.0,20.0,6.0,71.0,0.0,45.0,177.0,18.0,9.0,22.0,23.0,9.0,7.0,0.0,23.0,0.0,20.0,0.0,71.0,89.0,34.0,0.0,0.0,10.0,0.0,16.0,09,009,350400,674.0
"Census Tract 3505, New Haven County, Connecticut",21085.0,121600.0,14.0,107.0,0.0,0.0,44.0,8.0,0.0,0.0,1783.0,2537.0,1140.0,1026.0,114.0,1026.0,208.0,818.0,1393.0,143.0,13.0,31.0,81.0,130.0,0.0,72.0,70.0,8.0,0.0,24.0,15.0,0.0,0.0,13.0,15.0,14.0,128.0,75.0,14.0,52.0,7.0,0.0,0.0,8.0,0.0,0.0,09,009,350500,770.0
"Census Tract 3508, New Haven County, Connecticut",36071.0,192200.0,53.0,127.0,12.0,37.0,258.0,73.0,0.0,0.0,4327.0,6590.0,2312.0,2072.0,240.0,2072.0,717.0,1355.0,2716.0,1936.0,86.0,106.0,22.0,162.0,199.0,137.0,106.0,40.0,11.0,49.0,71.0,0.0,0.0,112.0,57.0,142.0,228.0,103.0,223.0,232.0,73.0,35.0,56.0,0.0,0.0,0.0,09,009,350800,2250.0
"Census Tract 3509, New Haven County, Connecticut",80547.0,182400.0,69.0,66.0,45.0,12.0,115.0,84.0,23.0,0.0,1379.0,1892.0,723.0,595.0,128.0,595.0,511.0,84.0,1427.0,404.0,12.0,9.0,23.0,43.0,44.0,88.0,77.0,21.0,0.0,11.0,23.0,39.0,0.0,20.0,8.0,11.0,59.0,25.0,83.0,166.0,22.0,21.0,69.0,0.0,0.0,0.0,09,009,350900,874.0
"Census Tract 3510, New Haven County, Connecticut",39596.0,154000.0,89.0,39.0,0.0,0.0,90.0,26.0,0.0,0.0,2564.0,3571.0,1528.0,1371.0,157.0,1371.0,751.0,620.0,1750.0,622.0,0.0,14.0,27.0,28.0,91.0,191.0,193.0,47.0,50.0,0.0,13.0,11.0,0.0,49.0,59.0,5.0,181.0,57.0,159.0,172.0,42.0,20.0,12.0,12.0,34.0,0.0,09,009,351000,1467.0
"Census Tract 3511, New Haven County, Connecticut",36855.0,141000.0,73.0,16.0,7.0,0.0,179.0,101.0,42.0,0.0,3386.0,4344.0,1931.0,1788.0,143.0,1788.0,685.0,1103.0,1707.0,1863.0,23.0,9.0,122.0,207.0,54.0,274.0,187.0,96.0,16.0,15.0,0.0,8.0,0.0,22.0,56.0,58.0,157.0,85.0,278.0,161.0,71.0,15.0,0.0,27.0,10.0,16.0,09,009,351100,1967.0
"Census Tract 3512, New Haven County, Connecticut",28386.0,161300.0,57.0,0.0,0.0,8.0,51.0,29.0,12.0,8.0,2463.0,3622.0,1559.0,1147.0,412.0,1147.0,353.0,794.0,1370.0,1077.0,35.0,50.0,5.0,52.0,35.0,122.0,106.0,35.0,10.0,18.0,0.0,28.0,0.0,91.0,27.0,43.0,80.0,50.0,131.0,105.0,73.0,0.0,10.0,0.0,0.0,0.0,09,009,351200,1106.0
"Census Tract 3513, New Haven County, Connecticut",41607.0,142300.0,265.0,61.0,0.0,0.0,93.0,114.0,0.0,0.0,4182.0,5682.0,2408.0,2285.0,123.0,2285.0,1135.0,1150.0,2818.0,1086.0,73.0,12.0,117.0,45.0,85.0,470.0,405.0,62.0,14.0,12.0,13.0,0.0,0.0,60.0,9.0,118.0,162.0,25.0,410.0,217.0,129.0,14.0,41.0,45.0,0.0,0.0,09,009,351300,2538.0
"Census Tract 3514, New Haven County, Connecticut",34177.0,132300.0,101.0,9.0,22.0,0.0,56.0,6.0,0.0,0.0,2934.0,3862.0,1762.0,1425.0,337.0,1425.0,539.0,886.0,2554.0,318.0,139.0,10.0,98.0,112.0,113.0,130.0,271.0,5.0,19.0,0.0,3.0,0.0,23.0,32.0,0.0,145.0,182.0,106.0,175.0,275.0,33.0,0.0,0.0,3.0,0.0,0.0,09,009,351400,1874.0
"Census Tract 3515, New Haven County, Connecticut",59478.0,152000.0,200.0,21.0,10.0,28.0,151.0,71.0,15.0,0.0,4150.0,5364.0,2050.0,1936.0,114.0,1936.0,1262.0,674.0,3532.0,1003.0,63.0,132.0,57.0,139.0,149.0,174.0,490.0,66.0,38.0,13.0,41.0,16.0,24.0,23.0,90.0,34.0,130.0,118.0,303.0,220.0,124.0,22.0,0.0,0.0,0.0,0.0,09,009,351500,2466.0
"Census Tract 3516.01, New Haven County, Connecticut",44080.0,172300.0,241.0,71.0,36.0,0.0,137.0,81.0,0.0,0.0,2723.0,3470.0,1587.0,1435.0,152.0,1435.0,697.0,738.0,2494.0,393.0,10.0,34.0,33.0,196.0,107.0,179.0,116.0,93.0,15.0,35.0,51.0,7.0,0.0,0.0,45.0,72.0,124.0,56.0,209.0,116.0,86.0,70.0,16.0,17.0,0.0,0.0,09,009,351601,1687.0
"Census Tract 3516.02, New Haven County, Connecticut",50984.0,167300.0,308.0,100.0,28.0,0.0,297.0,121.0,0.0,24.0,5176.0,5995.0,3075.0,2941.0,134.0,2941.0,2198.0,743.0,4935.0,521.0,80.0,41.0,81.0,231.0,133.0,345.0,205.0,81.0,106.0,83.0,10.0,0.0,0.0,0.0,0.0,66.0,210.0,213.0,353.0,232.0,380.0,20.0,56.0,43.0,12.0,0.0,09,009,351602,2981.0
"Census Tract 3517, New Haven County, Connecticut",24339.0,152200.0,47.0,46.0,0.0,0.0,35.0,13.0,0.0,0.0,2077.0,3148.0,1497.0,1195.0,302.0,1195.0,272.0,923.0,1420.0,843.0,23.0,12.0,53.0,104.0,64.0,85.0,85.0,0.0,9.0,3.0,0.0,0.0,0.0,43.0,28.0,70.0,83.0,85.0,127.0,136.0,44.0,0.0,0.0,0.0,0.0,0.0,09,009,351700,1054.0
"Census Tract 3518, New Haven County, Connecticut",51199.0,184900.0,239.0,25.0,21.0,0.0,235.0,46.0,82.0,0.0,3506.0,4076.0,2043.0,1871.0,172.0,1871.0,1224.0,647.0,3460.0,385.0,34.0,18.0,51.0,161.0,223.0,99.0,382.0,94.0,40.0,53.0,14.0,0.0,0.0,43.0,38.0,17.0,133.0,103.0,128.0,320.0,94.0,36.0,25.0,34.0,11.0,40.0,09,009,351800,2191.0
"Census Tract 3519, New Haven County, Connecticut",70774.0,196200.0,97.0,42.0,53.0,25.0,228.0,65.0,32.0,10.0,2006.0,2422.0,880.0,880.0,0.0,880.0,733.0,147.0,1743.0,370.0,18.0,16.0,7.0,17.0,39.0,247.0,84.0,103.0,49.0,27.0,18.0,18.0,0.0,65.0,17.0,30.0,103.0,34.0,164.0,135.0,71.0,8.0,0.0,16.0,0.0,0.0,09,009,351900,1286.0
"Census Tract 3520, New Haven County, Connecticut",79526.0,210000.0,415.0,179.0,22.0,11.0,250.0,142.0,72.0,0.0,4151.0,5431.0,1908.0,1857.0,51.0,1857.0,1602.0,255.0,3840.0,854.0,61.0,29.0,55.0,58.0,147.0,391.0,425.0,115.0,47.0,21.0,45.0,12.0,0.0,10.0,115.0,38.0,58.0,88.0,357.0,282.0,104.0,42.0,55.0,0.0,10.0,10.0,09,009,352000,2575.0
"Census Tract 3521, New Haven County, Connecticut",58973.0,167700.0,213.0,103.0,0.0,0.0,106.0,142.0,0.0,9.0,3736.0,4496.0,1778.0,1671.0,107.0,1671.0,1103.0,568.0,3377.0,603.0,53.0,34.0,44.0,172.0,189.0,314.0,124.0,86.0,25.0,64.0,76.0,11.0,0.0,9.0,36.0,55.0,164.0,130.0,152.0,226.0,111.0,20.0,11.0,0.0,9.0,0.0,09,009,352100,2115.0
"Census Tract 3522, New Haven County, Connecticut",25727.0,136800.0,12.0,14.0,0.0,0.0,88.0,0.0,0.0,16.0,1487.0,2462.0,983.0,915.0,68.0,915.0,282.0,633.0,960.0,419.0,15.0,0.0,26.0,22.0,34.0,75.0,37.0,50.0,0.0,0.0,9.0,13.0,0.0,53.0,14.0,36.0,122.0,82.0,123.0,68.0,7.0,9.0,0.0,8.0,14.0,0.0,09,009,352200,817.0
"Census Tract 3523, New Haven County, Connecticut",39286.0,155700.0,58.0,5.0,0.0,0.0,85.0,42.0,0.0,0.0,2390.0,2981.0,1293.0,1196.0,97.0,1196.0,591.0,605.0,2060.0,427.0,5.0,47.0,25.0,60.0,77.0,155.0,179.0,28.0,7.0,11.0,0.0,24.0,21.0,62.0,0.0,24.0,108.0,123.0,143.0,190.0,42.0,36.0,9.0,6.0,0.0,8.0,09,009,352300,1390.0
"Census Tract 3524, New Haven County, Connecticut",37817.0,171300.0,96.0,37.0,0.0,0.0,141.0,93.0,0.0,0.0,2696.0,3401.0,1271.0,1191.0,80.0,1191.0,667.0,524.0,2298.0,647.0,26.0,62.0,0.0,74.0,95.0,129.0,206.0,28.0,15.0,0.0,47.0,0.0,0.0,49.0,44.0,19.0,59.0,70.0,309.0,142.0,85.0,6.0,14.0,0.0,0.0,0.0,09,009,352400,1479.0
"Census Tract 3525, New Haven County, Connecticut",45238.0,134000.0,65.0,45.0,35.0,10.0,176.0,66.0,0.0,9.0,2296.0,2812.0,1335.0,1322.0,13.0,1322.0,949.0,373.0,1536.0,680.0,0.0,0.0,56.0,108.0,99.0,96.0,138.0,21.0,36.0,22.0,20.0,11.0,0.0,9.0,11.0,12.0,114.0,62.0,188.0,161.0,36.0,30.0,102.0,11.0,0.0,11.0,09,009,352500,1354.0
"Census Tract 3526, New Haven County, Connecticut",43638.0,158300.0,194.0,43.0,0.0,0.0,305.0,44.0,0.0,0.0,3998.0,4645.0,2378.0,2155.0,223.0,2155.0,1284.0,871.0,3511.0,602.0,38.0,35.0,108.0,106.0,160.0,380.0,266.0,64.0,11.0,74.0,12.0,0.0,22.0,13.0,8.0,82.0,107.0,69.0,333.0,336.0,172.0,40.0,42.0,8.0,21.0,0.0,09,009,352600,2507.0
"Census Tract 3527.01, New Haven County, Connecticut",46029.0,138800.0,77.0,43.0,0.0,11.0,178.0,121.0,0.0,11.0,2904.0,3525.0,1648.0,1586.0,62.0,1586.0,546.0,1040.0,2955.0,382.0,64.0,65.0,97.0,89.0,91.0,186.0,146.0,63.0,35.0,9.0,0.0,0.0,0.0,122.0,9.0,58.0,119.0,89.0,239.0,106.0,61.0,0.0,34.0,23.0,0.0,11.0,09,009,352701,1716.0
"Census Tract 3527.02, New Haven County, Connecticut",50685.0,167800.0,242.0,92.0,0.0,11.0,162.0,43.0,80.0,0.0,4910.0,6181.0,2464.0,2344.0,120.0,2344.0,1307.0,1037.0,4743.0,731.0,12.0,24.0,98.0,157.0,76.0,340.0,255.0,99.0,28.0,83.0,41.0,12.0,63.0,174.0,24.0,103.0,168.0,202.0,386.0,227.0,117.0,46.0,9.0,13.0,34.0,101.0,09,009,352702,2892.0
"Census Tract 3528, New Haven County, Connecticut",46409.0,187400.0,141.0,160.0,30.0,120.0,427.0,69.0,36.0,0.0,4445.0,5897.0,2639.0,2470.0,169.0,2470.0,1318.0,1152.0,3681.0,715.0,0.0,96.0,36.0,151.0,202.0,323.0,351.0,135.0,0.0,56.0,40.0,15.0,0.0,85.0,0.0,114.0,207.0,129.0,419.0,337.0,118.0,42.0,32.0,0.0,19.0,0.0,09,009,352800,2907.0
"Census Tract 3611, New Haven County, Connecticut",84063.0,293900.0,473.0,175.0,52.0,0.0,345.0,276.0,41.0,39.0,5410.0,6534.0,2442.0,2356.0,86.0,2356.0,2050.0,306.0,6233.0,28.0,143.0,46.0,59.0,227.0,67.0,562.0,621.0,147.0,66.0,25.0,63.0,0.0,0.0,99.0,100.0,60.0,29.0,82.0,530.0,506.0,163.0,56.0,13.0,51.0,0.0,14.0,09,009,361100,3729.0
"Census Tract 3612, New Haven County, Connecticut",68007.0,236300.0,146.0,47.0,21.0,0.0,255.0,126.0,21.0,0.0,4227.0,5182.0,2131.0,2027.0,104.0,2027.0,1829.0,198.0,4822.0,126.0,134.0,74.0,75.0,116.0,58.0,280.0,348.0,88.0,61.0,50.0,33.0,11.0,0.0,43.0,27.0,92.0,58.0,54.0,348.0,511.0,165.0,37.0,38.0,75.0,10.0,0.0,09,009,361200,2786.0
"Census Tract 3613, New Haven County, Connecticut",86809.0,277500.0,264.0,57.0,12.0,0.0,231.0,100.0,16.0,9.0,3716.0,4730.0,1583.0,1546.0,37.0,1546.0,1474.0,72.0,4420.0,22.0,117.0,22.0,21.0,103.0,89.0,308.0,411.0,117.0,47.0,24.0,19.0,0.0,12.0,30.0,18.0,76.0,36.0,138.0,332.0,414.0,112.0,27.0,21.0,24.0,28.0,0.0,09,009,361300,2546.0
"Census Tract 3614.01, New Haven County, Connecticut",26250.0,126400.0,186.0,257.0,76.0,85.0,270.0,195.0,69.0,93.0,5781.0,5854.0,1859.0,1672.0,187.0,1672.0,120.0,1552.0,3688.0,507.0,111.0,358.0,134.0,161.0,198.0,28.0,40.0,31.0,13.0,0.0,0.0,0.0,0.0,236.0,520.0,178.0,135.0,131.0,63.0,0.0,27.0,8.0,0.0,17.0,0.0,20.0,09,009,361401,2409.0
"Census Tract 3614.02, New Haven County, Connecticut",29722.0,,58.0,39.0,53.0,24.0,84.0,38.0,36.0,13.0,3713.0,3713.0,144.0,96.0,48.0,96.0,0.0,96.0,2409.0,129.0,106.0,406.0,104.0,23.0,36.0,9.0,15.0,0.0,0.0,23.0,0.0,15.0,0.0,127.0,289.0,64.0,47.0,13.0,0.0,0.0,0.0,0.0,0.0,0.0,0.0,0.0,09,009,361402,1277.0
"Census Tract 3615, New Haven County, Connecticut",44261.0,206800.0,102.0,0.0,0.0,0.0,270.0,101.0,0.0,0.0,5130.0,6142.0,2144.0,1955.0,189.0,1955.0,953.0,1002.0,3777.0,1792.0,114.0,89.0,182.0,97.0,150.0,258.0,385.0,39.0,27.0,34.0,16.0,0.0,0.0,199.0,127.0,47.0,178.0,152.0,340.0,294.0,163.0,26.0,35.0,81.0,15.0,0.0,09,009,361500,3048.0
"Census Tract 9900, New Haven County, Connecticut",,,0.0,0.0,0.0,0.0,0.0,0.0,0.0,0.0,0.0,0.0,0.0,0.0,0.0,0.0,0.0,0.0,0.0,0.0,0.0,0.0,0.0,0.0,0.0,0.0,0.0,0.0,0.0,0.0,0.0,0.0,0.0,0.0,0.0,0.0,0.0,0.0,0.0,0.0,0.0,0.0,0.0,0.0,0.0,0.0,09,009,990000,0.0
