tract_id,median_income,pct_higher_edu,median_house_value,pct_in_labor_force,pct_owner_occupied,pct_renter_occupied,pct_vacant,pct_white,pct_black,pop_density,total_pop,distance_to_downtown,area_sqkm,compactness
Census Tract 1201,0.03602750226723826,-0.18670879596294138,-0.2404830711106146,0.023292295990684535,0.5021336328135312,-0.5021336328135312,0.049986470168655185,0.833991250484394,-0.5593750486823795,-0.3945120951031016,1.044606919445207,-0.49876772435525984,-0.11724531619020462,0.28199501326293624
Census Tract 1202,-0.6737626917287016,-0.9525985504787631,-0.33428120687787183,-0.6203872592024606,-0.9205871100705612,0.9205871100705614,0.8577453853785669,0.12377289334704991,-0.13499364372508962,-0.3807561373526085,1.662988149570496,-0.17400244064666107,-0.09880851931709311,0.39207407959273544
Census Tract 1251,0.3028711841478877,-0.4206577117964017,-0.017586425900250568,0.10207542815998012,1.1851692439043782,-1.1851692439043782,-1.053353675955609,0.7847299326996042,-0.6460903696874192,-0.2681565795729145,0.20820666587830983,-0.5226667790591565,-0.1699601569173524,0.5583942362142402
Census Tract 1252,-0.25863158480737647,-0.4680966400634398,0.30112551928741926,1.1008042557721944,-0.4952742082853855,0.4952742082853855,-0.22632888155734987,0.15223093156628878,0.1691776463571109,-0.36977610477415945,1.093496033792719,-0.43823529715274184,-0.12201960959932208,-1.0074202051230805
Census Tract 1253,-0.542717133748656,-0.731817216702119,-0.07406702378160977,0.4957516020522751,-0.5791369677495866,0.5791369677495866,0.1692050387229126,0.11868107010495055,0.03447187296958309,0.04558963756761558,0.8008220114150449,-0.2295834214988092,-0.187861256739137,0.40321034153394897
Census Tract 1254,-0.768666643754734,-0.6293831926366488,-0.3373069531929447,0.0882176797016975,-0.4221226431201627,0.42212264312016295,0.0822786966864021,0.02795295249178988,0.18039465108573904,-0.13216569919488347,-0.9743813703655653,-0.27031282305147164,-0.214699968277788,0.48693942909337595
Census Tract 1301.01,-0.21810582889563898,-0.5000464320660992,0.07016021723686106,0.8765481366710465,0.12141857326834792,-0.12141857326834792,-0.558683765461939,0.5529246732563938,-0.598928988494302,-0.5985988106610639,0.3112702042325246,-0.13961627723726283,-0.06957600993046137,-0.423138816057709
Census Tract 1301.02,0.3519810319936568,-0.4116055116919897,-0.041792396420833086,-0.20272828745433447,-0.007185883827846634,0.0071858838278463615,0.233446569842902,0.7277820618801428,-0.7102493078569239,-0.6842759514679911,-0.7867528774643024,-0.28665432730449275,-0.08964756209548182,-0.4304631291629873
Census Tract 1402,-1.8753145129154338,-1.3180923683843233,0.3465117140135115,-4.060332579038995,-2.335238360223972,2.335238360223972,-0.3732434184601844,-1.5289807463765768,0.46874200958946605,-0.6093309678911393,-1.8464574641319984,-1.4221654489492916,-0.19700493530719368,0.2570754540587044
Census Tract 1403,-1.0299840861928737,-1.0109059595495669,-0.5470920310379931,-0.7755848483690942,-2.0123301276358525,2.0123301276358525,1.8214965778091956,-1.5864674934304153,1.2938018922177956,1.1352147777118151,-1.2353435347880963,-1.4885407858941608,-0.24596091978010753,-0.5810036582321335
Census Tract 1404,-1.251512604644944,-1.286326613838828,-0.8133577067644009,-0.8960884919813893,-1.3155596901494928,1.3155596901494924,0.3399666359469167,-1.5935917944549247,0.9486937603112501,0.44302492957600553,-0.7775035855607191,-1.329856189717847,-0.23163647400684806,0.250819767469673
Census Tract 1405,-1.0296525118263233,-1.3541600171118198,-1.1290439056369979,-0.907069733356813,-1.1452338932853072,1.1452338932853074,1.2199227162144972,-2.079907409569523,2.012219759725756,0.9259761929528609,-0.6308362425181826,-1.399056768145366,-0.23789760207220406,0.5910445376033456
Census Tract 1406,-1.2955383122036044,-1.3128227761147375,-1.0191084561893522,-1.3811681399270908,-1.4327532963442975,1.4327532963442973,2.474302364337225,-2.222755431474858,2.2347598859168247,3.0492832932062126,0.41565507000153706,-1.4656238428541166,-0.2453976319716134,0.12896188964345578
Census Tract 1407,-1.4294206730974715,0.2838436592325092,0.09940909828256493,0.006429269188910726,-2.1494049601221628,2.149404960122163,-0.5064789375785134,-1.6089647197442631,2.0061225054807696,3.7573063651356837,0.04568339385820184,-1.4939999945192142,-0.24934628246136317,0.17242024975651474
Census Tract 1408,-1.0653151770286522,-0.9186263485143297,-0.821426363604595,-0.3829218326478704,-1.686033545359872,1.6860335453598718,1.4408062382911184,-2.487928060209716,3.4422753687219063,0.5121374117798427,-0.010473021270697255,-1.415679615005352,-0.2227506615115611,-0.012787644436429862
Census Tract 1409,-0.8924912488632336,-0.33539468743656636,0.3132285045477105,0.03915800734856646,-1.7493304974943955,1.7493304974943953,0.5869825928072294,-2.303196642490071,3.074374240893739,1.9589592868222399,0.3284474606248938,-1.383089206279947,-0.23991518592761032,0.6459585975214086
Census Tract 1410,0.10801598140499735,2.0927891261328497,0.7378415707629289,2.2353437245015533,-0.31356640483279086,0.31356640483279086,-0.056611827420739294,-0.0816964952708727,0.10980628702693299,0.24821006732010376,-0.35467881282547875,-1.2848850287789966,-0.219691516480679,1.9924846165830763
Census Tract 1411,0.9297309449098994,1.4855869351605142,-0.003466276429910766,0.8446570755966933,0.6708002117753199,-0.6708002117753198,-0.06436751193950295,-0.500103706002537,1.3344083640027422,-0.5142321709805886,-1.0926401739899527,-1.1286125047901532,-0.1762767460984367,1.7571747563634887
Census Tract 1412,-0.8079029437965526,-0.6068258658490756,-0.6923278541614882,-0.3779698806434333,-0.6756666712248359,0.6756666712248363,0.6240688811052566,-2.0629750484810394,2.705054870120686,0.6540558575407813,0.5623224130440735,-1.1259749239494117,-0.21922387101338692,0.5295016916495562
Census Tract 1414,-0.5265436729802444,-0.15072103474188175,-0.1265132932428719,0.1138468360234613,-0.8084035667681687,0.8084035667681687,-0.1912138626674915,-2.0298511466213824,3.1108233430290504,0.9541813365624559,0.4579375472750611,-1.351152742098474,-0.22705526404120308,0.23564231822055318
Census Tract 1415,-1.2133078692990606,-1.2416540778084155,-1.0090226351391096,-0.648660253529726,-1.3635317895674541,1.363531789567454,1.7574861516823383,-2.6410370136431975,4.062570999541858,1.574744756608071,1.7350004936769665,-1.3651997193882486,-0.22573830604815737,1.3528304888682028
Census Tract 1416,-1.286327913132755,-0.8282881944466088,-1.1905674140434783,-2.5686612952869847,-1.4922119591287124,1.4922119591287122,1.762121434446162,-2.654251258170334,4.152401048222376,1.7455053917814185,0.3555346726282451,-1.4712712431631225,-0.23799751200145539,0.9139245050925117
Census Tract 1418,-0.4191135782178568,2.3001695696921844,1.1796005327635597,-0.016280114078586365,-1.342039612208075,1.3420396122080749,0.4966754216242601,-1.0547354673654656,0.46441449324544,0.46075384276849235,-0.5839291192928668,-1.3789437635852102,-0.2293166792513149,1.5747518467682222
Census Tract 1419,-0.055634389285855186,3.152399343705796,1.9168740515363023,1.0519736783590279,-1.1910850172622909,1.1910850172622913,-0.6425895499526348,0.35687447341901724,-0.41388809468910864,1.5563012726423269,0.878119665180706,-1.3836926504687126,-0.23214112936955963,0.7124874256520991
Census Tract 1420,-0.7629930379270908,2.9415674308054633,2.28702368408021,0.5485538968510385,-1.6173377054160125,1.6173377054160123,0.6447501328678805,-0.2911198458679347,-0.12809352470818264,2.0273937338697277,-0.650656153740147,-1.4832842975712295,-0.24681604308476995,1.375390379513564
Census Tract 1421,-1.0867569860655897,-0.07144864012666059,-0.0518782174710758,0.4718812141169669,-1.659270280330518,1.6592702803305177,2.4760209907180317,-1.3297716298188949,1.1316589589213677,0.29354380808605707,-2.0413532578146483,-1.4525501158816254,-0.24804238107604681,-0.41043371007019724
Census Tract 1422,-0.3128992561328212,2.5440954875480686,0.06310014250169116,1.2634134293697168,-0.689744915340148,0.689744915340148,0.35672314919368336,0.8134695605832705,-0.5046477852568486,-0.03238708716827566,-1.9277191001420524,-1.4653809010979562,-0.24066164903579726,0.33954721747886263
Census Tract 1423,-1.1881082174412168,-1.0934041951434565,-0.8849670362211242,0.021501167707758267,-1.1872389792621802,1.1872389792621805,0.23642305579917772,-0.933056705070069,0.31260693596828865,1.5941203859900488,0.7076684286718123,-1.351674621370594,-0.23388810203917618,1.2592118328482416
Census Tract 1424,-1.167661131503931,-1.1578296352566206,-1.163335697207823,0.2307427940803996,-1.23602291195288,1.2360229119528803,2.5088724913903957,-1.7168818550842786,0.8677917256660295,1.3591916535271205,0.29211095671795906,-1.3682699212888167,-0.23456413518247704,-1.9694917558891596
Census Tract 1425,-1.279106960261209,-1.1464868693293957,-0.4139591931747893,-0.11883029502514116,-1.6654871431944305,1.6654871431944305,0.2794798027372956,-0.7835411428593498,1.0576832706037962,0.5659237592493112,0.7030437827200207,-1.29408480945129,-0.2148953041255038,-0.7566034684584704
Census Tract 1426.01,-0.8063924383489333,-0.8228543406825054,-0.8375636772849834,0.2681583804660798,-0.7591684861557659,0.7591684861557659,0.30187491966178437,-1.6773658146780892,1.2852330937220098,-0.08077723601964791,1.0816040870595405,-1.1469497468699021,-0.17032789920139565,-0.10602280431597741
Census Tract 1426.04,-0.8315184070142105,-0.41603594554083595,-0.8123491246593766,1.0581542676573985,-0.13203244227844457,0.13203244227844457,-0.07484726640518798,-0.6000478636538449,0.955372289436004,-0.005189928337979856,-1.2023103494181557,-1.2265111702622815,-0.22599123304189125,0.9876888994834702
Census Tract 1427,-0.4755180621277386,-0.7840308474931335,-0.5420491205128718,0.6123912881320899,-0.6700939789051075,0.6700939789051075,1.2334383344663722,-0.8694137240462809,1.2540133307838786,-0.040847197441597115,1.0360182912490223,-1.281191181352568,-0.1754672538711474,0.528962135110897
Census Tract 1428,0.34081802831978736,0.33108258895159826,-0.17492523428403695,0.5954363972774478,0.4865903501220909,-0.486590350122091,0.2937489991866188,0.7469311603028984,-0.7646340100882102,-0.5113397721883011,0.03445211083242202,-1.0771963685796404,-0.12366570571548452,-1.0786890648361427
Census Tract 1501,0.15115749065285602,0.5963243321450997,0.7065755255071764,0.15433433427180443,-0.3106619617924244,0.3106619617924244,-1.0433271206811112,0.9532901198208387,-0.7498405579775979,-0.1852452991425551,-0.13071381601728121,-0.18685017495768924,-0.18918227647302346,-1.2158553225202937
Census Tract 1502,0.07264804897293557,0.7721327295439279,0.15084678563880277,0.7469019869996818,-0.36155428358585145,0.3615542835858509,0.6294146581339685,-0.2459942557924945,-0.6492846383102212,-0.33693211027959064,-0.6592447819363315,-0.02890697477009424,-0.18785509232440306,-0.788755566856132
Census Tract 1503,0.11619481577991163,-0.2563198427340922,0.1427781287986086,0.3157118186594323,0.48035970582268034,-0.4803597058226805,-0.8877635580171235,0.5947044675017802,-0.45489995992821236,-0.12005101048199368,-0.1881915585609779,0.09995930348575299,-0.19645850837223866,-0.1220575304207089
Census Tract 1504,-0.16324869202965983,0.7185384494165167,0.2991083550773707,-0.08080031049916224,-0.1619565891213872,0.16195658912138744,-0.5428521325614022,0.3577701888775643,-0.3185066085722219,0.08949996750104862,-0.08116403796237023,0.183359787678819,-0.20790536754532604,-1.15938602023407
Census Tract 1505,0.35341785424870936,0.19449082026289563,0.39895798347477357,0.9138907990467013,0.7729337355109489,-0.7729337355109489,-0.8050524889565935,0.7865660597436753,-0.6132065121454726,-0.5436577835780286,-0.11353655962491206,0.3477397465817142,-0.11940666360438489,0.7921349022858652
Census Tract 1506,0.8440373919547164,0.617790061204397,1.1412744127726375,0.09738621771585122,0.9345048630397684,-0.9345048630397682,-0.6302519187517693,0.569964805555222,-0.7137719011016174,-0.5796379837071901,1.3597435078744406,-0.01446566383133895,-0.02082815486145889,1.8169574395525987
Census Tract 1507,1.2415950574488608,0.45131165735589834,1.381316953768414,0.8480995453930981,0.9992633659601123,-0.9992633659601126,-0.9892561395819462,0.9179466557145854,-0.7646340100882102,-0.7108682396278949,-0.047470188885030774,-0.31758862181741465,0.0005529648173482557,1.4767919110724632
Census Tract 1508,0.3365075615546298,0.41514766222466776,0.6843867191966424,0.1487704049443538,0.5285706400105409,-0.5285706400105407,-0.7015236814207795,0.5457403864508218,-0.5156107802479131,-0.48441346834710036,-0.15251571836144204,-0.5019803607679781,-0.14047310429269727,0.2922269670432652
Census Tract 1509,1.2387950961313225,0.8925797955175182,1.1120255317269336,0.6354022967743894,0.8863155624185282,-0.8863155624185279,-0.5312322500634172,0.8895781725669691,-0.7255248478505723,-0.51552697634236,-0.38440867965842535,-0.270604597626045,-0.1422187599116357,-0.7927346885212441
Census Tract 1510,0.728575829202548,0.8307186285661877,0.931489334927589,0.695459896677987,0.5584692351830479,-0.5584692351830477,0.09788338599150134,0.7558594827130622,-0.7017772858847602,-0.115391761331208,-0.16242567397242422,-0.3063246062458699,-0.1962174745501318,-0.05375540526590271
Census Tract 1511,0.7661910990078971,0.662106825441524,0.9526695591330987,0.7184562752911531,0.7465024646212656,-0.7465024646212658,-0.01877262853594008,0.6391724360355738,-0.7474946525301978,-0.2993375274881926,1.630615627907954,-0.48230998845004897,-0.12116472207132725,-0.5207284678857603
Census Tract 1512,0.3814174674240916,0.014301664643450979,0.29406544455224937,0.6123676487176144,0.9106301927814917,-0.9106301927814917,-1.1167765121299988,0.805944913284398,-0.6661842952434638,-0.39173281549449357,-0.8151614168824514,-0.6295870671362214,-0.18590901661102743,-0.35287092412378973
Census Tract 1542,-0.5146069957844236,-0.26173074691617626,-0.4704397910561485,0.43499765061856865,-0.6222759553857676,0.6222759553857679,0.46779212564978173,-1.1975747843402749,1.7059006822325558,0.43259834149006277,1.832118058664592,-1.0377955162151518,-0.19421823640400057,-0.7872932679388936
Census Tract 1545,-0.7161673690508923,-0.5569432697002473,-0.5037230005219495,0.021525734059070146,-1.1507181871403902,1.1507181871403909,-0.012748010425003516,0.18361465290691906,0.07699667579564388,0.8408513291992374,0.13090901211264871,-1.2467072954786025,-0.2284227954965177,1.6359056107694856
Census Tract 1546,-0.41808201352192165,-0.41069324774591587,-0.4543024773757602,-0.1456656733698135,-0.3768410904009779,0.3768410904009779,0.5161555778349637,-0.23637921700315287,0.1392430697569209,-0.026536788580245194,-0.477562262401658,-1.1031882593786584,-0.20950545085164526,0.5268065764187319
Census Tract 1547,0.30408695682523984,-0.046515426859805774,-0.11037597956248356,0.6570736665605533,1.1532461024938463,-1.153246102493846,-0.9639706025991739,0.7725017067887046,-0.5361726307267392,-0.20364868250307475,1.5546393015570905,-0.8263508234851237,-0.14195900791250324,-0.9006505712600036
Census Tract 1548,0.26389277528005295,-0.3932264444543043,-0.2999894153070466,0.33600160389329475,1.2181742334572758,-1.2181742334572758,0.5419637225139539,0.9499025206390834,-0.6936017426907524,0.365989645420476,0.4988986971337875,-0.875762646870993,-0.21071998307603387,0.9515583326702632
Census Tract 1549,-0.5067228941797765,-0.6527347762762049,-0.4502681489556631,-0.31089901664486636,-0.027383321000286828,0.027383321000286828,-0.9729588912375289,0.6029323956157019,-0.49139967834668236,0.35512463309778497,-0.20074416900155537,-1.0602885641538027,-0.22086421716108015,1.0298188666515133
Census Tract 1550,-0.44044486246594405,-0.9150625618773357,-0.42202785001498344,0.1476804340521784,-0.29963830582988865,0.29963830582988865,0.31396402557882924,-0.25195151907051727,0.6365118260734628,0.20338803794101257,0.6244248015395619,-1.1688837078442593,-0.20122493334339786,-0.25012630299099003
Census Tract 1551,-0.8014188228506746,-0.29164222649099175,-0.3373069531929447,-0.3670839181611209,-0.6344142317718697,0.6344142317718697,-0.15190003371869315,0.9712354947895634,-0.650293524943848,0.15033042114723133,-0.39035465302501465,-1.0435069496589895,-0.21651674212482447,-0.1564285211087092
Census Tract 1571,0.42979048334419273,0.9198516367002654,1.633462480024482,-0.34534434574427203,0.1695826547716999,-0.1695826547716999,-0.11114088228552237,0.46272958665070524,-0.5132714826796363,-0.7534277516801801,-1.1012288021861374,-0.8370410644072557,-0.054592697896020594,-0.25325324823819306
Census Tract 1572,1.5856955667357953,1.5282120839207975,1.6798572568555985,0.8649817769941849,1.2851551819570053,-1.285155181957006,-0.5054385661694446,0.7624719309931006,-0.7241577395475288,-0.7018653454538749,-0.569394517730093,-0.6199648984284313,-0.05651053589184058,2.2397908528322414
Census Tract 1573,1.7728508758554555,1.622529960512374,1.6748143463304772,0.4545445717123302,1.351339587333778,-1.351339587333778,-0.08136717411901027,0.5393899139002416,-0.4046181362669098,-0.7586185618558855,-0.688974648769278,-0.5330262058192672,0.001479736723769238,0.7772507319237829
Census Tract 1574,1.2668683924992716,1.2025724818967003,1.2481841159052103,-0.11010808562679386,1.0996053366810952,-1.0996053366810954,-0.6109520699554194,0.9848115669375882,-0.7646340100882102,-0.7446362253467537,-0.03491757844445333,-0.9091800861067598,0.052548246355948625,0.503518366032335
Census Tract 1601,2.7144852352628166,1.964353986208514,2.7983748113275158,0.9698206348065076,1.3405969501973611,-1.340596950197361,-0.07887043572610124,0.8791201437215248,-0.6933654105012645,-0.8042721738081918,-0.5978030571482419,-0.8151756960925526,0.12096685282908139,1.1994166833631121
Census Tract 1602,2.034684100641563,2.122748495530062,2.0449639788743847,0.621652425243178,1.0152880971585656,-1.0152880971585656,0.14676972397181082,0.6523942978091956,-0.6535497968711748,-0.8194667814248455,0.7823234276078782,-0.6897471391929696,0.44513209169327106,-0.31890880896969276
Census Tract 1611,1.8309500731943735,1.0322040148417548,1.536638597942152,0.8763745082555753,1.1905991449334934,-1.1905991449334932,-0.5284622247806193,0.8602726823563586,-0.6214668392525228,-0.8623677494315068,0.7288096673085743,-0.2325134137123466,0.9583615251241254,0.6568140805657727
Census Tract 1651,-0.2771260661416421,0.07231845030187227,-0.45127673106068733,0.10553269252690287,0.5171256246713528,-0.5171256246713528,-0.7874623657631774,-0.6666449740031738,1.1631753746064462,-0.45118915772692614,-0.05077350742202484,-1.0883210468563689,-0.14486803919397215,-0.17209104837375194
Census Tract 1652,2.288743748611873,2.741701440907579,1.2814673253710112,1.349091905867264,0.4456400059791233,-0.445640005979123,-0.5611930298756213,0.902363666175084,-0.6860072284463496,-0.518479851404826,-1.1223700408228994,-1.1283476179422642,-0.17680345704512893,-0.815459468039835
Census Tract 1653,1.0615870180081797,1.6413119322978118,0.3283572361230746,0.6022354409658714,1.0528973861273827,-1.0528973861273832,-0.6209928142128914,0.7884361198566447,-0.4753169524934669,-0.12840980781408298,-1.2505388000582691,-0.9697257928185987,-0.2216482790447007,-1.56850161108701
Census Tract 1654,-0.25177904789866445,1.1000929994612263,-0.27679202689148835,-0.5901723943602296,-0.25695495045235317,0.25695495045235317,0.16561522284193342,-0.36065130345816915,0.6661955471311491,0.06842757544438378,0.6455660401763239,-1.1868690614144528,-0.19258979154333905,0.6206883932789405
Census Tract 1655,-0.7848401045231456,-0.9366699622884294,-0.631812927860032,0.3088555392943031,-0.5882609215998997,0.5882609215998997,-0.07901759864397029,-2.142905964349714,2.7054741162767533,0.9142943288820162,0.3647839645318285,-1.2452968589506714,-0.22728671108243612,1.2075934047757713
Census Tract 1656,0.0578377272670097,-0.36209800619224847,-0.49262859736668246,1.4490088942192973,-0.05982194648716965,0.05982194648716965,-0.3128770292938231,-0.2484603150857666,0.6058582022540914,0.5116504296867859,0.9375793988465992,-1.0824554515752673,-0.20997351866852537,0.5610930627939333
Census Tract 1657,0.29480287456182364,-0.11795379304885845,-0.654001734170566,1.0898088021479277,0.9587023787915498,-0.9587023787915502,-0.47148176875438524,-0.9276828004268235,1.4807717991336151,0.027387016635239708,0.021899500391844576,-1.1442368097225017,-0.2022979051497497,-1.4737854598049256
Census Tract 1658.01,-0.3905244995019402,0.19944709064811028,-0.30906665425226504,0.07965221647976338,-1.1320027556220436,1.1320027556220436,-0.33061143902532486,-0.5524439878198563,0.5504083641010914,-0.08887442563532687,0.8107319670260272,-0.8856078768500888,-0.1757236067309081,2.268864698857373
Census Tract 1658.02,0.5910829918729078,-0.038701279953948654,0.14378671090363287,0.22485842644746892,1.225814747465442,-1.2258147474654422,-0.32898852885095675,0.13421408088602702,0.31754177155665675,-0.7434024593151096,-0.26813186715623427,-0.8648243859128313,0.024819603755812686,-0.25045402463509336
Census Tract 1659,1.7126517075283836,1.2146929821705366,0.7438930633930745,-0.058366449606755015,1.193642941321608,-1.1936429413216079,-1.0418525466802289,0.6470324346076303,-0.31665600221924156,-0.7467163400120748,2.4339826961049105,-0.3322002888553506,0.3317648186922723,0.31827410956179125
Census Tract 1660.02,0.26555064711280585,0.2447545332107309,-0.18501105533427964,-0.0386545166464814,0.9379659477275942,-0.937965947727594,0.19624635671160032,0.6362393208883846,-0.5002879328621868,-0.7189359753718345,1.0908533789631238,-0.2854802816691482,0.12049117885219254,-1.2183365732569844
Census Tract 1672.01,0.20137258638712707,0.23344611504353752,0.2617908171914727,0.31440246225423824,0.7041557273530029,-0.7041557273530029,-0.5964545852636645,0.5592741123880766,-0.5252658812132307,-0.6857339636182024,-0.2635072212044426,-0.7613155482455037,-0.0454349615192157,-2.0108389091152845
Census Tract 1672.02,-0.059760648069595725,0.16022061740532537,0.25271357824625423,-0.2957467729652484,0.8419623133569327,-0.8419623133569327,-1.247344003607575,0.9245752581213641,-0.7158985095855352,-0.660847665931982,0.041058747906410155,-0.35638325580546865,-0.04352750648569738,-0.9260386909539166
Census Tract 1701,-1.4888093263063087,-1.4024695726274692,-1.0503745014451047,-0.9526491178226499,-2.0862447477408486,2.086244747740848,1.1421367913611682,-1.8887828822099133,0.3350231774740916,1.1993771918107197,-1.7130033952374382,1.082347737851113,-0.2507723594145897,0.7508514486385747
Census Tract 1702,-1.7334743672243527,-1.303595396125625,-0.9011043499015124,-2.474924942699646,-1.7089839407093848,1.7089839407093845,1.3440974980412905,-0.9689074282645942,-0.061376893667173575,1.3437815656749026,-1.2677160564506382,1.086417519400299,-0.24766041210305884,0.05856259601293692
Census Tract 1703,-1.3614479279546028,-1.4057220252969242,-1.1340868161621191,-0.9980299562596987,-1.1435578886030484,1.1435578886030482,-0.08012014007677647,-1.6411788014555413,-0.495731616782312,0.7242968757684265,-1.2023103494181557,1.0873808381278778,-0.2417110659077814,1.2356313769708178
Census Tract 1704,-0.10109691909956793,-0.2929957045955497,-0.8143662888694251,1.396379912563885,-0.4797677049517112,0.4797677049517115,-0.11498642739390992,0.44051039486413185,-0.4330146421674228,-0.7701087066903579,-1.9376290557530345,1.1559460002562023,-0.139416084542858,-0.817690652159371
Census Tract 1705,0.7210601435607349,0.023019422091744096,-0.36151292371352717,1.1232368666388752,1.0556616441405764,-1.0556616441405768,-0.8718154301461679,0.5709928914332693,-0.6810903417455046,-0.47165848638995583,0.9184201513320337,0.871330445869791,-0.09783607599629081,-1.9884964182160707
Census Tract 1706,-0.5872217820590004,-0.7649699707700266,-0.750825616252896,-0.0471494561234184,0.015215502268362779,-0.015215502268362508,-0.20106037077447358,0.22733448646704982,-0.687455235474745,-0.25584435848239157,-1.0893368554529588,0.9059638553926841,-0.20933143308730726,-1.5864859198214019
Census Tract 1707,0.10576864403171009,-0.6694818930085276,-0.4916200152616582,0.7286034793536956,0.14323633759045326,-0.14323633759045326,1.3562488772444814,-0.3601259191652291,-0.446141198148748,0.753850153910496,-1.1316193327264827,0.957922137600596,-0.24124504389044452,-0.10827880606240231
Census Tract 1708,-0.8032977442611279,-0.9210936353246195,-0.8294950204447892,-0.36482548775280743,0.004774411800025211,-0.004774411800024667,0.3135453320874947,0.027508806473241203,-0.3876950407132177,0.14135337456842345,1.2216647930280888,0.8567259987870759,-0.18685736497284583,-0.7553342255799538
Census Tract 1709,-1.0001423932033218,-1.3093544873827045,-0.9585935298878959,-0.49450367887626395,-0.3565210049836923,0.3565210049836926,1.692116274472241,-1.6046669301126384,-0.07818892457961374,0.7993635858675676,-1.5306602119953658,0.980980520064002,-0.24625219020325398,-1.5614270491161195
Census Tract 1710,-1.8168100580173983,-1.2752062105496405,-0.3292382963527505,-1.3007034296964421,-2.148905890223,2.1489058902230003,0.26696980375893725,-0.8805510506858051,-0.5606592344618845,1.0109638183766432,-1.7651958281219444,1.0247946775708818,-0.25025482146556666,-0.24450141013118978
Census Tract 1711,0.1359050697915294,-0.5334270498188942,-0.6086155394444737,0.4788238045769559,0.8119828815192326,-0.8119828815192323,-0.2618990869825092,0.12659674368167004,-0.4416789782389713,-0.2664337069145109,0.3066455582807329,0.8839580905781805,-0.1672969039763251,-0.2816139608198134
Census Tract 1713,-0.20738492437717027,-0.5596794583933019,-0.7387226309926047,0.510663457154476,0.25360248786835826,-0.25360248786835843,-0.28311380110430906,-0.10230590734942202,-0.3162006365274702,0.1553477935942817,-0.5132381026011938,1.1099602448515102,-0.21892922327681616,0.8347502482576901
Census Tract 1714,-1.092246383911816,-1.3259995741615522,-0.8264692741297164,-0.32188904259834544,-1.016526098750465,1.0165260987504652,-0.22833904338227473,-0.6664568103352936,0.05836891667914521,1.0076550441061796,-1.3939028245638114,1.0938123758533416,-0.24652345029530087,-0.8217179995878484
Census Tract 1715,-0.8056924480195488,-1.1635901022676782,-0.9898595751436483,0.7400290281291709,-1.4994590743047604,1.49945907430476,1.5584652353426385,-1.5394251528635963,0.6428343654256072,1.1326301660382365,-0.5687338540226942,1.2005349458904269,-0.23968255107124592,1.7215386434937585
Census Tract 1716,0.15594689816969773,-0.2098335906245097,-0.9121987530567794,0.13947231595992238,0.09936778019605781,-0.09936778019605781,-0.47685099706014084,-0.4675969676121693,-0.1069227676774661,-0.5564182362657659,0.41036976034234657,1.3183704422169549,-0.08660736880764826,0.40233677887736946
Census Tract 1717,0.25969283330374565,0.17484968278395793,-0.45127673106068733,0.01793674616677406,0.830023769466225,-0.8300237694662252,-0.23683075138415222,0.5897365343912212,-0.3965134237697755,-0.6901023511966119,-0.22849204471230553,1.3477050063030456,-0.03837873767809397,0.495319217185044
Census Tract 1751,-0.09144442087331774,0.7037101691155763,-0.13861627850316316,0.7072489947662869,-0.6574289339454643,0.6574289339454643,-0.3385312285886509,0.6708197469934463,-0.7646340100882102,0.5036242568162557,-0.6526381448623434,0.2710277099980347,-0.23121384981001353,1.1204144898801998
Census Tract 1752,-0.7110463871675,-0.8255508495053064,-0.39076180475923106,0.4801804150881383,-0.6277027959492268,0.6277027959492266,-1.0304180818422606,0.5863635914519553,-0.6161291390211951,1.066377521414945,-1.0734809264753873,0.15726391482905389,-0.24385485453552092,0.9247571445868172
Census Tract 1753,-0.031024202968545526,-0.23576292822271833,-0.1759338163890612,0.002955829068927374,0.34027710970387265,-0.3402771097038725,-0.5776246502044676,0.8477727234453971,-0.6920945544704945,-0.3528392424530046,-0.07653939201057855,-0.0005387065675763106,-0.1659745383164228,-0.20488829040163783
Census Tract 1754,-0.37346684042272704,-0.7093193253938146,-0.26569762373622136,1.29809528464242,-0.49640985393592385,0.49640985393592385,-0.5233002403322253,0.6811956080963992,-0.637519629855984,-0.6793658989825707,0.03180945600282677,0.33840096770463834,-0.027461775017420875,-2.6086460871084443
Census Tract 1756,0.20874090564380662,0.019304852821648844,-0.22031142901012915,0.9902190835897597,0.7950567624130247,-0.7950567624130249,-1.0056317287701821,0.6389179631402381,-0.7401681420878882,-0.4609679283667498,0.44538493683448366,0.38638581760123264,-0.12153042485171126,-0.009896403171689555
Census Tract 1757,1.2085849871789365,0.025357861739213974,0.5058676866073464,1.2912160773194803,0.7308666823733834,-0.7308666823733837,-1.247344003607575,0.9129357805714057,-0.7646340100882102,-0.6705764019023389,-1.2842326491356084,0.602266098776741,-0.13762186962310963,-0.3713373053039909
Census Tract 1758,1.4258398804621326,0.7186581684539618,1.139257248562589,0.9590235794362957,1.0304750565076037,-1.0304750565076035,-0.6277904240202755,0.9259561172942666,-0.7087718764470046,-0.7593303501931347,-0.18620956743878148,0.5305694655294593,0.06315751587458776,1.4118627424119357
Census Tract 1759,0.003570055941564901,-0.08263670901599506,0.01267103725047758,-0.18384041658142547,-0.11452763228588587,0.11452763228588587,-0.5045256628608149,0.7982069761060149,-0.564284512697963,-0.3776454671789466,0.34826737184685813,0.1817767761139774,-0.14649738697067527,0.05432272219705282
Census Tract 1760,1.0555081546214191,0.5773068648574563,0.8548370949457443,0.8926887388858994,1.258462704962476,-1.2584627049624761,-0.28742127363924014,1.0758781232836092,-0.7542691393359715,-0.8338473713497988,1.0452675831526057,0.31089582188801934,0.623072787227959,-0.15476129310760775
Census Tract 1802,-0.16335921681851,-0.6324627392660453,-0.3322640426678233,-0.06549764669036148,0.005958006419664054,-0.005958006419664325,-0.39187187327629114,0.8286097347196891,-0.57323081892251,-0.05277834183786299,0.6482086950059192,-1.0580728627290625,-0.1829057686815069,-0.43254612945536247
Census Tract 1803,-0.8494234228079418,-0.3383642161602477,-0.33024687845777473,0.012500851380647791,-0.4407764353511576,0.4407764353511576,-0.517018516773374,0.3205666895515753,-0.7646340100882102,-0.057250041108092176,-1.1250126956524946,-0.9873354035288459,-0.2221250511510597,-1.126694256186625
Census Tract 1804,0.015543574733669149,-0.3654894555066606,-0.1618136669187214,0.10116959470139864,0.6426343636656632,-0.6426343636656632,-0.5590852415335437,0.5071986651962931,-0.5694381521349262,-0.6334681699396538,-1.172580482585209,-1.0796491907587973,-0.14616328766006825,0.6821901212966501
Census Tract 1805,-0.01632440605146985,-0.7020067883060735,-0.30503232583216794,0.398864857311792,0.7221345289717928,-0.7221345289717932,-0.5373614985183193,0.6444164834898225,-0.6057193176148724,-0.2822741881449429,0.16592418860478578,-1.0387113344038776,-0.16921241027806294,1.1958774149344984
Census Tract 1806.01,-0.46582872230520506,-1.0818007323947192,-0.3776502373939155,-1.2423796584575002,0.9121672605735619,-0.9121672605735617,-0.8484571935193818,0.9717765451422256,-0.5722221415499296,-0.4931127758980613,-0.766932966242338,-0.8921559080105141,-0.1657739537873288,-0.13658566949150158
Census Tract 1806.02,0.3768122678886669,-0.37953963776048777,-0.19509687638452236,0.5114611384160601,1.2582695653505092,-1.2582695653505092,-0.9215909068532144,1.0429325249493435,-0.7024810956315534,-0.6289371979420062,-0.3936579715620087,-0.770889049637002,-0.09629671117539648,-0.8705730484465868
Census Tract 1842,0.12746834424263132,0.7472460250431379,-0.6640875552208086,0.7879751826129838,0.43189163778028744,-0.4318916377802877,-0.1941634360844995,0.23049474303274672,-0.6524425072476682,-0.48657694923865014,-0.1974408504645613,-0.8360799436800884,-0.1418683589038429,-0.3326759537833178
Census Tract 1843,0.16228365273044215,1.0352403856837777,0.6823695549865939,-0.2756212110358356,0.27776942591801074,-0.2777694259180112,0.31766984496274575,0.6115063218322634,-0.6651850628710919,-0.5237032179517034,-0.05804080820341179,-0.6992844451035619,-0.1238654587022221,-0.9205885623980011
Census Tract 1844,0.807785261211853,1.4613955304208546,1.6697714358053557,-0.08747427119995058,0.3014102983968755,-0.30141029839687566,0.5036620402101415,0.9210856693828611,-0.6991526435020983,-0.6894514522069938,-0.7689149573645344,-0.4851073840810653,-0.08428745607214089,0.5606759763435281
Census Tract 1845,0.5038052502775388,0.6255914114846812,0.9708240370235356,-1.1379907118700705,1.0225744408092687,-1.0225744408092687,-1.084882065951076,0.885006205143149,-0.6120609252237018,-0.6477228388265434,-1.2551634460100607,-0.41626348045754835,-0.14597298958671254,0.8780704856870419
Census Tract 1846,1.272357790345498,1.6628189466954029,3.579017360616302,0.812377748225664,0.8968773064302277,-0.8968773064302276,0.43821178642418945,1.07953414968091,-0.7646340100882102,-0.8250971838431655,-0.9195462826514638,-0.1455966042987054,0.13966886060209782,0.3862912104130445
Census Tract 1847,0.41066969487310934,0.34297806710425816,-0.13155620376799326,0.5268357038526529,0.8426558431932959,-0.8426558431932959,-0.4342160180960985,0.7087486915275436,-0.6591740291855472,-0.7659178532873487,0.9005822312322658,-0.6018199871193756,0.21349744275516566,-0.5658510397367873
Census Tract 1861,0.2669874693678584,0.5275681016749526,0.32533148980800175,0.09583049503358135,0.655427724586552,-0.6554277245865522,-0.6207073677073078,0.9293654131943833,-0.6528750494630957,-0.7110077176798552,1.8895958012082887,-0.3078307293800553,0.17980450324217362,-1.660587324326628
Census Tract 1862,1.0272138086757696,0.07010916910548783,0.6924553760368366,0.7495200141069253,1.0418325088371838,-1.0418325088371834,-0.9205414034177185,0.9271790035529051,-0.735150349883404,-0.8350589906125233,1.8122981474426276,-0.18448355346764406,0.8109587330498479,-0.05978554437169
Census Tract 1901,0.47948979673049624,1.0499373765747333,1.4135915811291908,0.5390359377920606,0.3472649487796421,-0.3472649487796422,-0.9313591268857846,0.9108636334352174,-0.7108981074035582,-0.7051401503710276,-0.685671330232284,0.5066129735034556,-0.0638341537593779,0.03676045230530346
Census Tract 1902,0.9894143308890037,2.0601018769949637,2.624898689263341,0.749317375606701,0.5599441692244379,-0.5599441692244379,2.3503361979703383,0.9111159912661457,-0.667255246258791,-0.8405408511653847,-0.7087945599912425,0.22229415815506545,0.2696759653755279,-0.08745189102230308
Census Tract 1903.01,1.6938993350201341,1.3170991814509196,1.5104154632115208,0.9944672909237813,1.1504742422462526,-1.1504742422462524,-0.6016813779475787,0.9917810150929548,-0.7409522081005023,-0.7919915237856286,1.415239259295941,0.44966643898700426,0.38848752382813123,0.7899035729215365
Census Tract 1903.02,1.4715234598535458,1.294298236803161,1.507389716896448,0.4014430926593324,1.1960086120978564,-1.196008612097856,-0.8420205691057873,0.8223372492539428,-0.688123808882669,-0.7611269687464395,0.7889300646818663,0.0750956288852887,0.18553367403710594,1.26690949683712
Census Tract 1903.03,1.5680116005197644,1.3983558696426963,1.4952867316361569,1.0646241822935376,1.1047101759992533,-1.1047101759992524,-1.118491850116953,0.9603822118452195,-0.5627411975164478,-0.8734718744152017,-0.5436286331415393,0.3512549017158959,0.7195742379073248,1.1740461894804959
Census Tract 1942.01,1.7014518622582306,1.634045254810689,1.704063227376181,0.6842517746910561,0.9943719849649856,-0.9943719849649856,-0.050397222438409474,0.8440818003406664,-0.6512154547128525,-0.8269824502344574,2.106954160942498,0.7095553447746094,0.778678207070127,-1.728761227199965
Census Tract 1942.02,1.9504642115377158,1.5762007794370556,2.2063371156782683,-0.017223564090680255,1.148111712363433,-1.1481117123634328,-0.529956732945145,0.9685964807959233,-0.7300753999053254,-0.8165602820286691,0.6515120135429133,0.9445698098931494,0.40066412978909954,-2.6561658625027067
Census Tract 3411,0.6333771444062484,-0.20276919407025476,0.3898807445295551,0.550066047556095,0.6971608047018834,-0.6971608047018837,-0.20049026662908032,0.8343648784008395,-0.6592933150336503,-0.7840450294941018,1.0208230259788498,0.14253294088495647,0.2942031354509044,0.18439438752453885
Census Tract 3431.01,2.035752506933781,0.06059296596529049,0.9920042612290453,-2.501304192935518,1.0556912211991598,-1.0556912211991596,-1.0966460869545376,-0.5110874530345494,0.5013493079075465,-0.7044624017592793,1.2626259428868152,0.8919624545306488,0.11017301882567214,-0.7381502559601268
Census Tract 3431.02,1.1497857995106338,0.8617449668945771,1.0030986643843123,-0.5838500255982045,0.35223944887185377,-0.35223944887185377,-1.142952138708461,0.7749985503034457,-0.684062218339085,-0.7361843858124107,-0.3057896984779666,0.6112812794752178,0.009584518207430927,-1.109923931794212
Census Tract 3432,2.0654468335382,1.134729338130709,0.7096012718222492,1.3225263621652685,0.8552371083555499,-0.8552371083555498,-0.6276208691271209,0.7225548028933423,-0.7186940005489246,-0.7594170414297078,1.1939169173173387,0.8439515431408183,0.22952468942212376,1.2382196870462445
Census Tract 3433,1.3139887941457373,1.2682588581119085,1.0847938148912784,0.16711666425747898,0.7600973663538627,-0.7600973663538629,0.08004147302242777,0.6319764793182431,-0.594165109115579,-0.7375806913667021,1.1774003246323683,0.2672862069574895,0.1688197098484186,0.4092375960564661
Census Tract 3434,1.6136951799111774,1.4295802972478802,0.7539788844433172,0.22732201281416542,1.0029029735446249,-1.0029029735446258,-0.9696560455569025,0.8814415992781404,-0.7646340100882102,-0.6612600458279457,1.5368013814573225,0.261028901743131,0.06845143281387556,0.21905912288538237
Census Tract 3441,1.1579277922892646,0.7927322925241177,1.1039568748867394,0.139703328711594,0.9116957507927991,-0.9116957507927993,-0.9341343495742139,0.7755568121139321,-0.6968678899372877,-0.7865514414508242,0.3614806459948344,1.2020482889515829,0.20907348932049605,-0.3117804179438085
Census Tract 3442,1.6079847324872507,1.2592717947839875,1.8059300199836323,-0.06836414093918632,1.2154069101320217,-1.2154069101320215,-0.20311071820985088,0.7736928458074198,-0.7646340100882102,-0.8646610603762075,-1.2452534903990786,1.2296538524954683,0.31485633330386376,-0.2687985935220552
Census Tract 3451,-0.0984074825708799,-0.541546382059112,-0.3564700131884058,0.6307663416318864,0.2718871717748521,-0.27188717177485194,-0.15013792545613738,0.7175650363214277,-0.6844915894213555,-0.4590120089928344,1.6894146978664484,0.6854224818640023,-0.0700647464918803,0.34985539231004564
Census Tract 3452.01,-0.08020773400688144,-0.5844931506057021,-0.44421665632551743,0.6118396301597577,0.25191363320120813,-0.25191363320120863,0.13370330093726648,0.6344659020608108,-0.6253119535220145,-0.4679077045570131,1.58833315063443,0.45201286053103124,-0.07060819792030548,0.5774518366391852
Census Tract 3452.02,0.32320774529632323,-0.3608234648416434,-0.5450748668279446,0.9720641281851702,1.2846226316243696,-1.2846226316243698,-0.8130005881782091,0.6431495479526077,-0.3037866849533077,-0.3766175192310037,0.006043571414273067,0.29845430095302616,-0.1588624257771669,-0.5211362613245873
Census Tract 3453,-0.7666771975554305,-0.471895350422992,-0.4805256121063912,0.121673051633004,-0.5361709536969929,0.5361709536969925,0.31762558762932097,0.3236075488998135,-0.32575562698662286,-0.6432743029090491,1.2639472703016128,0.5799219977479723,0.02792946729807512,0.8169625900024455
Census Tract 3454,-0.0793235356960799,-0.3043627537158257,-0.2535946384759301,0.25828915896406807,0.3271974332462681,-0.3271974332462681,-0.2462717579287654,0.5196695629272038,-0.5532947572304532,-0.3163787946607417,2.010497259662271,0.8008893454416943,-0.105064336194072,0.9339449316758782
Census Tract 3461.01,1.587979745705366,0.36291751622653906,1.2078408317042393,0.5672064073176738,1.2233434707323045,-1.2233434707323045,-0.6057146753936248,0.9877716043275152,-0.7646340100882102,-0.8185750284589726,1.3577615167522443,0.3333756399477348,0.5488261426489479,-1.3223984400061082
Census Tract 3461.02,1.622095063863792,0.4152387080836842,1.436788969544749,1.0806011041321923,1.1765662061084665,-1.1765662061084672,-0.8785618584316983,0.902190089136653,-0.6973785128762389,-0.8514663485930776,0.9309727617726111,0.6674391755184257,0.8199981194475023,-0.8611501773614819
Census Tract 3471,0.7657858414487797,0.2193497065311608,0.4120695508400891,0.9172197172120411,1.1186424749003538,-1.1186424749003536,-1.247344003607575,0.9919805704538491,-0.7221146008559143,-0.7733895818993856,0.5643044041662699,0.49801315026638665,0.19342833532185486,0.6854996948135273
Census Tract 3472,0.9570674093521805,-0.03225223876774257,0.7257385855026376,1.1065903248996487,1.0777559486163577,-1.0777559486163584,-0.5798885174088654,0.8293055170811574,-0.703975032240955,-0.7786306921453782,-0.19810151417196012,0.4633811206512413,0.10602456850946212,1.1034965890957746
Census Tract 3481.11,1.041508348033728,0.35057643966229807,1.2048150853891666,-2.0623468197484183,1.2341384103226176,-1.2341384103226174,-0.21305396897889517,0.7605421141802426,-0.6065613442745874,-0.8676097549845719,-0.7193651793096235,1.7668872695329485,0.5432238214745357,-0.08625604400939514
Census Tract 3481.22,2.2983225636455566,0.9662101709616265,1.9209083799563993,-0.8432934816146758,1.1320282120599598,-1.1320282120599603,-0.5418054716497798,0.8538468427013448,-0.6015438391842561,-0.7848392172542971,0.18772609094894663,1.227147714133748,0.1782121623951006,0.8892264676926761
Census Tract 3481.23,1.3834720447362252,0.9428397055720804,1.6344710621295062,0.7974570110521754,1.2045866862743058,-1.2045866862743058,-0.8937179450352213,0.9753276592076353,-0.7441430680702601,-0.8157830113791079,0.4949347148893946,1.096884872912976,0.3665891729518937,1.3893163007450424
Census Tract 3481.24,-0.7212883509342846,1.0581864336466698,-0.37563307318386696,-3.743246798140807,0.4141759961085549,-0.41417599610855516,0.6153532355139412,1.117054422337597,-0.7646340100882102,-0.7457503986893607,-1.2815899943060132,1.4267342251855577,-0.08374505271161178,-1.0980122656996332
Census Tract 3481.25,-0.7773244188813325,1.1818722345448562,-0.665096137325833,-3.3643389094316403,0.8945709287076554,-0.8945709287076554,0.02601951653523516,0.9695003415684593,-0.7646340100882102,-0.6785311182183659,-0.08843133874375718,1.605070839439136,-0.03788977921287389,0.4174279052100806
Census Tract 3502,-1.4936355754194337,-1.2422812682105482,-1.0695375614405658,-2.2302455692165486,-1.6523722275102897,1.6523722275102901,3.451159849060044,-2.2283292654372135,1.6068836629002599,1.5474325420914352,-0.979006016317357,1.2748032649930896,-0.24654073717901573,1.3072927981097537
Census Tract 3503,-1.6249021829771797,-1.520534202283924,-1.5778629423727988,-2.141423202559322,-1.4519566030217146,1.4519566030217144,4.499950118413142,-2.481430347457019,2.532284247736969,1.3243503482639436,-1.635705741471777,1.2308935009007982,-0.25070121399123985,-0.7376362438023266
Census Tract 3504,-1.4059894178612307,-1.3535919902925757,-1.1098808456415368,-2.6585473488723244,-1.3369845915727279,1.336984591572728,3.177928477912605,-1.803290008215706,1.3003137346256477,1.6770269037475938,-1.3509596835828885,1.1760576380009264,-0.25004308830905464,-0.5294694084040389
Census Tract 3505,-1.5818711985181713,-1.078409498316438,-1.4981849560758813,-1.9671641914721532,-1.6713349989970683,1.6713349989970685,0.2684258747275591,-0.8339698569087237,-0.4172543658835585,0.8988427852319059,-1.2069349953699475,1.096141381573047,-0.24365127621392052,1.2577763808947833
Census Tract 3508,-1.0297630366151735,-0.9495549093784071,-0.7861259899287455,-1.0347708930396458,-1.1230104744842941,1.1230104744842946,0.3261195379167853,-1.4324661406584407,1.045908533312133,2.5676660097118216,1.4707350107174413,1.309103032075444,-0.23735623901437863,0.5747558094856455
Census Tract 3509,0.6088037996852221,0.07780556856423797,-0.8849670362211242,0.16916490927587816,0.8389161743217941,-0.8389161743217943,1.4361766661973652,0.06269704213014347,0.5513452014919038,0.5238315516642049,-1.6330630866421818,1.4068887374049093,-0.24472508326011613,0.8026202729343516
Census Tract 3510,-0.8998964097161966,-1.0773546263302392,-1.1714043540480172,-0.4829357723987641,-0.35117013879530956,0.35117013879530956,0.31008970646190187,-1.0919055984245916,0.30883455245809655,0.24585562104176187,-0.5238087219195748,1.3721558827534448,-0.22240366854056776,0.24311716874249262
Census Tract 3511,-1.0008792251289897,-0.8632184190864676,-1.3025200277011726,-0.39017122018405925,-0.9811896612275891,0.9811896612275891,-0.12484222938735642,-1.5163125697871307,1.8784552749280745,-0.3248683513524999,-0.013115676100292507,1.3051212169034414,-0.1684091211747458,-0.22533693083485323
Census Tract 3512,-1.3128907040530846,-1.2521644679227477,-1.0977778603812454,-1.7853129874968745,-1.2694835753212246,1.2694835753212246,2.758410902576358,-1.5806129866949261,1.06791691889461,0.2395634882188243,-0.4901148728422354,1.1411700123932365,-0.22163176255612024,-1.2326358928533043
Census Tract 3513,-0.8258079595902839,-0.8817921250443556,-1.289408460335857,-0.11547925639264815,-0.546519221863252,0.5465192218632517,-0.4730927783782498,-1.0661477228741623,0.4132903183382778,0.5372737008812285,0.8708523643993191,1.0698641359978163,-0.21176089097317163,-0.4923799795362261
Census Tract 3514,-1.0995410199759286,-1.2162549126094109,-1.3902666708382843,0.22127681308083771,-0.9997995965055941,0.9997995965055941,1.6517164333898153,-0.3433964971420548,-0.2571718704011572,1.050124527385887,-0.33155558306652033,0.9978116586578128,-0.23645209837985684,-0.30185773122123405
Census Tract 3515,-0.16741179240968376,-0.8920527012722675,-1.1915759961485026,-0.24951586181968277,0.04706119077116098,-0.04706119077116098,-0.4044280712651101,-0.3558597231670085,0.3877599134257665,0.17188123252900342,0.6607613054464967,0.8855855228516101,-0.19884575604614302,0.21827095970662322
Census Tract 3516.01,-0.7346986919814413,-0.3497815163209237,-0.9868338288285755,0.018354527552264608,-0.5886189426223841,0.5886189426223838,0.2044330695300455,-0.09244640140853562,-0.06663971767683172,0.8225422723368683,-0.590535756366855,1.0577564634512897,-0.23605562612851605,-1.9523118370195822
Census Tract 3516.02,-0.48034431124086374,-0.4776424393773586,-1.0372629340797892,-0.4430047803543302,0.41246951503156454,-0.4124695150315647,-0.5868133899590938,0.364089472933282,-0.22903800178537992,-0.08574580615643111,1.0776401048151476,1.020166317483596,-0.16987666326475698,-0.3079738038727465
Census Tract 3517,-1.4619886442119951,-1.2580336072603688,-1.1895588319384542,-1.167308205067964,-1.5761198170843347,1.5761198170843347,1.8105217496136041,-1.2622695919722753,0.8857372293793853,1.8763439422707906,-0.8032694701492727,1.1065762019885843,-0.2470791904142175,0.015319200378904236
Census Tract 3518,-0.47242336803993323,-0.381506847860076,-0.8597524835955174,0.07539157939532087,0.05599927972141946,-0.05599927972141973,0.02878139567604259,0.4763525872080795,-0.1825102177738742,-0.4145777330659682,-0.19017354968317438,1.2555026850738968,-0.15864001712405804,-0.3316485017624002
Census Tract 3519,0.24875087920757652,0.1476177941836965,-0.7457827057277746,0.24622577295027323,0.7399401139255571,-0.739940113925557,-1.247344003607575,-0.08842016392087033,0.17685744128834524,-0.7095424822978346,-1.2829113217208108,1.0112318800301725,-0.11451746346300955,-2.489573382466668
Census Tract 3520,0.5711885298798731,-0.05984422707541904,-0.6065983752344252,0.026766865390273755,0.8536779042347435,-0.8536779042347437,-0.8421853883293159,-0.14349551708938257,0.20446212975455966,-0.22065582826445973,0.7050257738422171,1.3993120898603701,-0.16247808178887774,-0.709077832278341
Census Tract 3521,-0.1860167985327996,-0.6235556180667251,-1.033228605659692,-0.5468279228498664,0.07852770065683162,-0.07852770065683162,-0.33515403183108816,0.0490769714259975,0.06193630708628254,0.4151772922663543,0.08730520742432706,1.5266485127597285,-0.21853028563416813,1.334542255750113
Census Tract 3522,-1.4108525085706392,-1.1965307112829773,-1.344880476112192,-0.7233435332014978,-1.2678102554617978,1.2678102554617978,-0.19879515592915056,-1.5295510017405425,0.2842193410688946,-0.16625956155690932,-1.2564847734248583,1.527676296389729,-0.2198020781948167,0.07474569150943393
Census Tract 3523,-0.9113173045640499,-1.1125971324113273,-1.1542584582626045,-0.38309882651178295,-0.5563543435203396,0.55635434352034,-0.11022352256729646,-0.21346514130978528,0.11815048093595656,-0.6639550877627565,-0.9136003092848745,1.5426073229553314,-0.1128773548666746,-2.5218353937942593
Census Tract 3524,-0.9654376095043611,-0.7735250066915351,-0.9969196498788183,-0.7322076029349293,-0.3042694881213512,0.3042694881213512,-0.29327956405753,-0.2805973907701662,0.40779469928694084,-0.46358507614824923,-0.6361215521773731,1.661764566458987,-0.166440035858188,1.3471496213409093
Census Tract 3525,-0.6920361234852669,-0.4935638731448076,-1.3731207750528716,-0.29707598228583293,0.2995508715707445,-0.2995508715707446,-1.0997409442940413,-0.8463968956741453,0.7256958126398005,-0.4351139394105614,-1.025252475835274,1.4923433599166296,-0.18750393759391504,0.5780089916738947
Census Tract 3526,-0.7509826775387032,-0.6334536518211549,-1.1280353235319736,0.09797652043131468,-0.16733480247948587,0.16733480247948615,0.1740886409203262,0.06985707455484459,0.03409520280032339,0.27044449244533186,0.18574409982675016,1.1327781439521531,-0.21172025502873926,-1.1664759414464294
Census Tract 3527.01,-0.6628944208250993,-0.6415195096434381,-1.3247088340117066,-0.28450958741398363,-1.1298215190801755,1.1298215190801753,-0.6770907726805221,0.4301388074960071,-0.09676231618029792,-0.20638564707421445,-0.5541992524599203,0.9617833391455874,-0.19848386800264084,-2.3306952543641564
Census Tract 3527.02,-0.49135994852959963,-0.8194602090339306,-1.0322200235546677,-0.3046847509608521,-0.31360401484331796,0.31360401484331824,-0.5091443875352694,0.12005459609603071,-0.035768450935240795,0.31712860396808346,1.2005235543913269,1.0187630647286885,-0.19778470536838166,-0.9772047489306973
Census Tract 3528,-0.6488946142374081,-0.32228159231462544,-0.8345379309699106,0.382872184458306,-0.4053933498687437,0.4053933498687434,-0.2766539337377846,-0.5055476242922824,-0.01738781935800738,-0.4356413505935769,1.012895061490064,0.8637882122234044,-0.10625168529904504,-0.45210195914426926
Census Tract 3611,0.7383388522176484,0.04403708096944231,0.2396020108809387,0.7561693967586822,0.8821326334326983,-0.8821326334326979,-0.713534791745079,0.9355450955874891,-0.7382240529134518,-0.7697288822509424,1.4337378431031078,1.3477490578996036,0.2942123105361856,0.6470645672763196
Census Tract 3612,0.1468101822914151,-0.6893674230116676,-0.3413412816130417,0.4368583594749475,1.0053309202176455,-1.0053309202176455,-0.5075970897321459,0.8332512395278511,-0.6147822210474109,-0.6173874402708952,0.5405205106999127,1.5721057068169424,-0.04301816805073842,-0.9492157885781071
Census Tract 3613,0.8395058756118584,-0.4837020887523346,0.07419454565695814,0.712437030763661,1.2008785066905643,-1.200878506690564,-0.8930579297073858,0.8504373740703629,-0.7359691163706237,-0.7773423734031836,0.24190051495564927,1.7874154696206,0.16236146595682266,0.3407938739576915
Census Tract 3614.01,-1.3915843537144221,0.012309223435067093,-1.4497730150347161,-2.127402588549331,-2.1723897448082226,2.1723897448082226,0.27739492726208664,-0.48028119698506627,-0.23087645291610023,7.076028368995621,0.984486522071915,-1.5628837855664883,-0.2520921725583338,-0.006248504398503475
Census Tract 3614.02,-1.2636703314184654,-0.8886101872250292,,-2.89739238647491,-2.446986729995661,2.446986729995661,3.8052222575095382,-0.3980907328212725,-0.5505158233773927,1.8766278943617183,-0.4299944754689434,-1.5199109541013927,-0.24450847910104928,-0.2537567874537331
Census Tract 3615,-0.7280303630541464,-1.0107065171292329,-0.6388730025952019,-0.2502016147010864,-0.5819090243288745,0.5819090243288743,0.0888523910068854,-0.5460614192791821,1.033479023371865,0.24029365534407818,1.174757669802773,-1.266664350813998,-0.19399724698341259,-0.13061286515010667
Census Tract 9900,,,,,,,,,,-0.919418982228062,-2.883038821040736,-0.019021715890569942,12.855042020928082,-1.147256929396102
