MTFCC,OID,GEOID,STATE,COUNTY,TRACT,BASENAME,NAME,LSADC,FUNCSTAT,AREALAND,AREAWATER,UR,CENTLAT,CENTLON,INTPTLAT,INTPTLON,HU100,POP100,OBJECTID,tract_id,area_sqkm,perimeter_km,compactness,num_polygons,distance_to_downtown,centroid_lon,centroid_lat,total_pop,pct_owner_occupied,pct_renter_occupied,pct_vacant,median_income,pct_white,pct_black,pct_higher_edu,pct_in_labor_force,median_house_value,pop_density
G5020,20740338968179,09009120100,09,009,120100,1201,Census Tract 1201,CT,S,6215546,363897,U,+41.3173783,-073.0633985,+41.3142426,-073.0627973,2940,6721,8153,Census Tract 1201,6.578436565213446,12.211782725830398,0.5543377030204498,1,11.390209748114076,-73.06339841252644,41.317378299896816,5945.0,77.08,22.919999999999998,8.558888076079004,65000.0,93.06980656013457,3.3305298570227087,18.435660218671153,62.00040168708576,246300.0,903.7101659438297
G5020,20740338968196,09009120200,09,009,120200,1202,Census Tract 1202,CT,S,6878578,542471,U,+41.3345971,-073.1009498,+41.3398459,-073.1037435,2909,6181,8154,Census Tract 1202,7.419722122186326,12.804935884325861,0.5686469161302925,1,14.77914582018393,-73.10094975866258,41.33459705231382,6881.0,39.894907033144705,60.1050929668553,13.887922032718414,45734.0,76.82022961778812,10.216538293852638,8.458072954512426,55.916030534351144,237000.0,927.3932212939015
G5020,20740338967838,09009125100,09,009,125100,1251,Census Tract 1251,CT,S,4155903,17738,U,+41.3325439,-073.0570249,+41.3321997,-073.0572487,1757,4503,20077,Census Tract 1251,4.173016879402767,9.425529950850384,0.5902669265910395,1,11.14082235162413,-73.05702486717489,41.332543940210726,4679.0,94.93223335297584,5.06776664702416,1.2798138452588714,72243.0,91.94272280401795,1.92348792477025,15.387903398162,62.745098039215684,268400.0,1121.2511559909262
G5020,20740338967856,09009125200,09,009,125200,1252,Census Tract 1252,CT,S,6249932,111626,U,+41.3469557,-073.0620406,+41.3494596,-073.0556618,2605,5812,20078,Census Tract 1252,6.360581798060312,14.376446485047628,0.38672620555660225,1,12.02186755258748,-73.06204052103863,41.34695573649477,6019.0,51.01114321089558,48.98885678910442,6.735950731331794,57002.0,77.47134075427812,15.152018607742148,14.769895331450408,72.18556701030928,300000.0,946.2970827347148
G5020,20740338967873,09009125300,09,009,125300,1253,Census Tract 1253,CT,S,3245123,111625,U,+41.3461324,-073.0899222,+41.3477359,-073.0901204,2293,5540,20079,Census Tract 1253,3.356175600646757,8.601096807397223,0.5700945223889288,1,14.199156515970373,-73.08992215013572,41.34613240063139,5576.0,48.81925522252498,51.18074477747502,9.345409633594072,49291.0,76.70373027259684,12.966284074605452,11.33428981348637,66.46631605309291,262800.0,1661.4148553268394
G5020,20740338967893,09009125400,09,009,125400,1254,Census Tract 1254,CT,S,1937650,194211,U,+41.3561257,-073.0797275,+41.3560355,-073.0801902,1493,3394,6502,Census Tract 1254,2.1315040624926396,6.789972047214806,0.580978493313891,1,13.774143914440325,-73.07972752920125,41.35612573592047,2889.0,52.92307692307693,47.07692307692308,8.771929824561402,43158.0,74.62789892696435,15.334025614399446,12.668743509865005,62.614107883817425,236700.0,1355.3809494604125
G5020,207403716549305,09009130101,09,009,130101,1301.01,Census Tract 1301.01,CT,S,8659235,95714,M,+41.4031657,-073.0578094,+41.4024880,-073.0565774,2169,4911,9638,Census Tract 1301.01,8.753624540827932,15.41913009653082,0.4626771305690178,1,15.13796652979758,-73.05780934516432,41.40316572716934,4835.0,67.12940009915717,32.870599900842834,4.543303360151444,58102.0,86.63908996897621,2.688728024819028,14.353671147880043,70.06578947368422,277100.0,552.3426298956498
G5020,207403716549294,09009130102,09,009,130102,1301.02,Census Tract 1301.02,CT,S,7419600,419365,U,+41.3724869,-073.0663349,+41.3690899,-073.0695759,1320,3113,8912,Census Tract 1301.02,7.8377438128102535,14.605241745403006,0.4617250407612006,1,13.603619797445612,-73.0663348720196,41.37248690568607,3173.0,63.76811594202898,36.231884057971016,9.769230769230768,73576.0,90.63977308540812,0.8824456350456981,15.505830444374407,59.863945578231295,266000.0,404.8358910141908
G5020,20740338970083,09009130200,09,009,130200,1302,Census Tract 1302,CT,S,21521844,675015,U,+41.3752342,-073.1062445,+41.3769876,-073.1071676,3479,8516,6507,Census Tract 1302,22.19280309492776,21.901009577327912,0.5814250698514379,1,16.674821840652072,-73.106244288034,41.37523435120654,8359.0,86.17086662569146,13.829133374308544,2.4872640095894516,84161.0,93.06137097738963,1.9380308649359972,19.72724010049049,72.07392197125256,331500.0,376.6536369581217
G5020,20740338969387,09009140100,09,009,140100,1401,Census Tract 1401,CT,S,704618,0,U,+41.3051344,-072.9248481,+41.3051344,-072.9248481,2268,2426,8859,Census Tract 1401,0.7045802701203507,4.160031872675004,0.5116194254924991,1,0.4346400653390937,-72.92484805557461,41.305134416553855,1858.0,3.3499643620812543,96.65003563791873,19.598853868194844,42292.0,53.12163616792249,25.45748116254037,47.52421959095802,62.29226361031519,227500.0,2637.030979710277
G5020,20740338969422,09009140200,09,009,140200,1402,Census Tract 1402,CT,S,2013815,925286,U,+41.2936475,-072.9200665,+41.2928437,-072.9205531,752,1518,9569,Census Tract 1402,2.938942348588352,8.186266706993754,0.5510984015333862,1,1.7545251022398314,-72.92006649558122,41.29364751321799,1569.0,2.920723226703755,97.07927677329624,5.766710353866317,13120.0,39.0057361376673,20.01274697259401,3.696622052262587,23.400000000000002,304500.0,533.8655250429224
G5020,20740338969445,09009140300,09,009,140300,1403,Census Tract 1403,CT,S,705088,0,U,+41.2994736,-072.9327764,+41.2994736,-072.9327764,842,2737,9570,Census Tract 1403,0.7050422330798254,4.476356064162896,0.442156229142967,1,1.0618963486379196,-72.93277636260336,41.299473555630215,2494.0,11.360448807854137,88.63955119214586,20.246085011185684,36065.0,37.69045709703288,33.400160384923815,7.698476343223737,54.44902769593401,215900.0,3537.376745653232
G5020,20740338967463,09009140400,09,009,140400,1404,Census Tract 1404,CT,S,886631,472133,U,+41.2840981,-072.9327080,+41.2834562,-072.9325811,1307,3329,7247,Census Tract 1404,1.3586779716315547,5.570180567271256,0.5502852228288844,1,2.71777516032234,-72.9327080129581,41.284098069444546,3187.0,29.57166392092257,70.42833607907743,10.471976401179942,30052.0,37.52745528710386,27.800439284593665,4.110448697834954,53.30996884735203,189500.0,2345.6625238230095
G5020,20740338969466,09009140500,09,009,140500,1405,Census Tract 1405,CT,S,1016311,56739,U,+41.2937889,-072.9419554,+41.2942620,-072.9420324,1290,3687,9571,Census Tract 1405,1.0729777685000863,4.762338836647054,0.5945111497322275,1,1.9956649219277025,-72.94195534293601,41.293788908889724,3409.0,34.02340234023402,65.97659765976599,16.277317256970612,36074.0,26.400704018773837,45.057201525374005,3.226752713405691,53.20616883116883,158200.0,3177.139452540042
G5020,20740338969484,09009140600,09,009,140600,1406,Census Tract 1406,CT,S,730798,0,U,+41.3016440,-072.9406849,+41.3016440,-072.9406849,1844,4745,9572,Census Tract 1406,0.7307454992689842,4.145114646638298,0.5344448782378031,1,1.3010353786570914,-72.9406848546391,41.301643986903045,4993.0,26.50862068965517,73.49137931034483,24.552845528455283,28857.0,23.132385339475263,48.66813538954536,3.7652713799319044,48.724760892667376,169100.0,6832.748207132096
G5020,20740338969503,09009140700,09,009,140700,1407,Census Tract 1407,CT,S,550604,0,U,+41.3120669,-072.9388117,+41.3120669,-072.9388117,2083,3979,9634,Census Tract 1407,0.550565468571507,3.579107331276,0.5400940443962347,1,1.0049293328807842,-72.93881174056163,41.31206691133273,4433.0,7.777777777777778,92.22222222222223,4.887714663143989,25223.0,37.17572749830814,44.9582675389127,24.56575682382134,61.84100418410042,280000.0,8051.721826110577
G5020,20740338969520,09009140800,09,009,140800,1408,Census Tract 1408,CT,S,1648799,115475,U,+41.3060361,-072.9494520,+41.3061787,-072.9502313,1630,3964,9635,Census Tract 1408,1.7641445917664471,6.554495264325425,0.516018810875521,1,1.822204985874789,-72.94945200607381,41.30603612943492,4348.0,19.88873435326843,80.11126564673157,17.73455377574371,35106.0,17.065317387304507,68.26126954921803,8.900643974241031,58.160668847691745,188700.0,2464.6505849309806
G5020,20740338969538,09009140900,09,009,140900,1409,Census Tract 1409,CT,S,980990,0,U,+41.3169693,-072.9510224,+41.3169693,-072.9510224,2100,4476,9636,Census Tract 1409,0.9809138286944479,4.526354870266995,0.6016494459795815,1,2.1622869382060173,-72.95102235930631,41.316969259280135,4861.0,18.234366789280084,81.76563321071991,12.10161662817552,39797.0,21.291915243777,62.29170952478914,16.498662826578894,62.150372081088015,301200.0,4955.583108120488
G5020,20740338969557,09009141000,09,009,141000,1410,Census Tract 1410,CT,S,1896847,7050,U,+41.3184145,-072.9635199,+41.3182791,-072.9644970,1847,3729,9637,Census Tract 1410,1.903735788050648,5.549909069341774,0.7766847947258633,1,3.187050656053207,-72.96351987272712,41.318414531472975,3827.0,55.76036866359447,44.23963133640553,7.855626326963907,66954.0,72.11915338385158,14.188659524431671,48.13169584530964,82.90978398983482,343300.0,2010.257948619383
G5020,20740338969578,09009141100,09,009,141100,1411,Census Tract 1411,CT,S,3869431,15739,U,+41.3206697,-072.9830501,+41.3237364,-072.9840646,1152,2777,10317,Census Tract 1411,3.884785941894989,8.088926567138623,0.7460967905848991,1,4.817759417690376,-72.98305009807633,41.32066974730979,2710.0,81.48837209302326,18.511627906976745,7.804459691252144,89258.0,62.54612546125461,34.05904059040591,40.22140221402214,69.76433970653623,269800.0,697.5931339676514
G5020,20740338969602,09009141200,09,009,141200,1412,Census Tract 1412,CT,S,1907222,18034,U,+41.3337025,-072.9749520,+41.3358145,-072.9744210,1928,4426,10369,Census Tract 1412,1.9250748189096611,6.422300062617379,0.5865111754637267,1,4.845282657711959,-72.97495198650184,41.333702538887515,5215.0,46.2962962962963,53.70370370370371,12.34628627643876,42093.0,26.78811121764142,56.29913710450624,12.96260786193672,58.20747709829166,201500.0,2708.985619038803
G5020,20740338968486,09009141300,09,009,141300,1413,Census Tract 1413,CT,S,3649787,0,U,+41.3369127,-072.9591645,+41.3369127,-072.9591645,1921,5913,9689,Census Tract 1413,3.6494880244233334,11.837827737433955,0.3272636540166123,1,4.116853555088159,-72.95916445353267,41.33691273247681,5934.0,22.19584569732938,77.80415430267063,14.984863773965692,29223.0,49.3427704752275,42.3154701718908,11.526794742163801,54.04304828388597,191600.0,1625.9814966614802
G5020,20740338969623,09009141400,09,009,141400,1414,Census Tract 1414,CT,S,1528930,38905,U,+41.3265330,-072.9453209,+41.3278181,-072.9441725,1938,5023,10370,Census Tract 1414,1.5677221892406457,5.994120785090343,0.5483123013369923,1,2.4955449584076863,-72.94532093082945,41.326533031342876,5057.0,42.82700421940928,57.17299578059072,6.967615309126594,49730.0,27.54597587502472,62.883132291872656,18.904488827368006,62.85636709204453,257600.0,3225.6990649915138
G5020,20740338968509,09009141500,09,009,141500,1415,Census Tract 1415,CT,S,1609634,18287,U,+41.3290222,-072.9335211,+41.3285795,-072.9339147,2911,6873,9690,Census Tract 1415,1.6278160193302518,5.430916206735347,0.6935359496707987,1,2.3489643033042373,-72.93352112734811,41.329022158993425,6990.0,28.317836010143704,71.68216398985629,19.823788546255507,31089.0,13.562231759656651,78.32618025751073,4.69241773962804,55.648780487804885,170100.0,4294.097070549757
G5020,20740338969641,09009141600,09,009,141600,1416,Census Tract 1416,CT,S,1068485,0,U,+41.3185120,-072.9339500,+41.3185120,-072.9339500,2043,5169,10371,Census Tract 1416,1.0684187997672967,4.592852372894295,0.6364824201812288,1,1.2421045766881829,-72.93395001629482,41.318511965644866,4902.0,24.95457298606905,75.04542701393095,19.854368932038835,29107.0,13.259893920848635,79.78376172990616,10.077519379844961,37.5,152100.0,4588.08849214153
G5020,20740338969675,09009141800,09,009,141800,1418,Census Tract 1418,CT,S,1464612,0,U,+41.3274738,-072.9210376,+41.3274738,-072.9210376,1799,3892,10372,Census Tract 1418,1.4645320327465698,5.047431541167046,0.7223835781045567,1,2.2055447646659947,-72.92103757078453,41.32747385208613,3480.0,28.879568603954464,71.12043139604553,11.505832449628844,52646.0,49.85632183908046,19.942528735632184,50.83333333333333,61.626344086021504,387100.0,2376.185649878644
G5020,20740338969695,09009141900,09,009,141900,1419,Census Tract 1419,CT,S,1301209,34505,U,+41.3229404,-072.9109902,+41.3223483,-072.9106575,2572,5063,10373,Census Tract 1419,1.3356501501059328,5.244214868639872,0.6102975496691423,1,2.155989978889934,-72.91099019780242,41.32294042834779,5693.0,32.825009531071295,67.17499046892871,3.9897510980966326,62512.0,82.15352186896189,5.6911997189531,61.93571052169331,71.72399672399672,460200.0,4262.343697972466
G5020,20740338969711,09009142000,09,009,142000,1420,Census Tract 1420,CT,S,666057,0,U,+41.3144242,-072.9173222,+41.3144242,-072.9173222,2046,3396,10374,Census Tract 1420,0.6660222834326841,3.4665587683472325,0.696468517085679,1,1.1167479715902657,-72.9173221884839,41.31442425095999,3379.0,21.684210526315788,78.3157894736842,12.482726853984339,43312.0,67.32761171944362,10.328499556081681,59.189109203906476,66.96542893725992,496900.0,5073.40382454564
G5020,20740338969729,09009142100,09,009,142100,1421,Census Tract 1421,CT,S,610090,0,U,+41.3117584,-072.9113578,+41.3117584,-072.9113578,749,1744,11002,Census Tract 1421,0.6100635153706991,4.063307668770387,0.46432867136800837,1,1.437460135723253,-72.91135783970685,41.311758392428004,1274.0,20.588235294117645,79.41176470588235,24.564183835182252,34524.0,43.563579277864996,30.76923076923077,19.937205651491364,66.24068157614484,265000.0,2088.3071481923753
G5020,20740338969754,09009142200,09,009,142200,1422,Census Tract 1422,CT,S,899733,47162,U,+41.3041658,-072.9133310,+41.3046215,-072.9132250,1043,1581,11003,Census Tract 1422,0.9468521293627911,4.602012850044493,0.5618189324905434,1,1.3035704836149342,-72.91333101707644,41.30416583365653,1446.0,45.928338762214985,54.071661237785015,10.58252427184466,55529.0,92.6002766251729,4.218533886583679,54.01106500691563,73.72262773722628,276400.0,1527.165599736385
G5020,20740338969774,09009142300,09,009,142300,1423,Census Tract 1423,CT,S,1012178,243803,U,+41.3050695,-072.8984749,+41.3056029,-072.8982402,2115,5448,11004,Census Tract 1423,1.255934411765386,4.812802558963324,0.6813664305722883,1,2.490099131592834,-72.89847486307198,41.305069515306286,5435.0,32.92553191489362,67.07446808510639,9.788867562380037,31773.0,52.640294388224476,17.47930082796688,6.6237350505979755,61.98347107438017,182400.0,4327.455278783525
G5020,20740338969793,09009142400,09,009,142400,1424,Census Tract 1424,CT,S,1188525,36612,U,+41.3157381,-072.9020486,+41.3153024,-072.9025670,2057,5360,11051,Census Tract 1424,1.2250864871823772,7.670337603680478,0.2616662163522609,1,2.316926648753979,-72.90204862050297,41.315738103853356,4806.0,31.650485436893206,68.3495145631068,24.7809152872444,32328.0,34.706616729088644,26.487723678734916,5.784436121514773,63.96132434808087,154800.0,3922.9883361569855
G5020,20740338968530,09009142500,09,009,142500,1425,Census Tract 1425,CT,S,1845830,276834,U,+41.3195879,-072.8941565,+41.3195622,-072.8944818,2149,5929,9691,Census Tract 1425,2.1225907339696133,7.975540431824863,0.41932995353622726,1,3.0910506519288723,-72.89415649607189,41.31958784993734,5428.0,20.425747592498734,79.57425240750126,10.07292616226071,29303.0,56.061164333087696,29.568901989683123,5.932203389830509,60.65699006875478,229100.0,2557.252282849976
G5020,20740338969813,09009142601,09,009,142601,1426.01,Census Tract 1426.01,CT,S,3815784,340552,U,+41.3255938,-072.8776319,+41.3271237,-072.8736415,2478,5926,11052,Census Tract 1426.01,4.15623650945114,10.180831481347818,0.5038991425632041,1,4.626409712953776,-72.8776318370317,41.32559381739061,6001.0,44.113842173350584,55.886157826649416,10.220673635307783,42134.0,35.61073154474254,33.26112314614231,10.148308615230794,64.31499460625673,187100.0,1443.8543105893832
G5020,207403716549368,09009142603,09,009,142603,1426.03,Census Tract 1426.03,CT,S,955474,0,U,+41.3139270,-072.8749254,+41.3139270,-072.8749254,2286,3960,9675,Census Tract 1426.03,0.9554562802479146,4.754685635823322,0.531100936511548,1,4.479721275553063,-72.87492535699552,41.313927035901855,3697.0,16.387959866220736,83.61204013377926,12.426778242677825,19152.0,59.751149580741135,27.400595077089534,12.415472004327833,35.129104239719474,211600.0,3869.3554864077405
G5020,207403716549275,09009142604,09,009,142604,1426.04,Census Tract 1426.04,CT,S,1527418,88900,U,+41.3027950,-072.8831607,+41.3015127,-072.8836483,1109,2914,8911,Census Tract 1426.04,1.6162747614717794,5.606894416246426,0.6460710774477828,1,3.796183727587725,-72.883160725609,41.30279497268092,2544.0,60.505050505050505,39.494949494949495,7.735321528424977,41452.0,60.259433962264154,27.908805031446544,15.44811320754717,71.78241864983002,189600.0,1573.9898070817082
G5020,20740338968239,09009142700,09,009,142700,1427,Census Tract 1427,CT,S,3181928,739944,U,+41.2905253,-072.8974404,+41.2908748,-072.8979425,2662,6654,8156,Census Tract 1427,3.9217237095553537,9.167084865391683,0.5864410383363517,1,3.2255960715150978,-72.89744034474357,41.29052531296708,5932.0,46.441947565543074,53.558052434456926,16.366483946750197,51115.0,54.09642616318274,32.75455158462576,10.654079568442347,67.56885090218424,216400.0,1512.6001828090466
G5020,20740338967483,09009142800,09,009,142800,1428,Census Tract 1428,CT,S,3973586,2312114,U,+41.2655488,-072.8983511,+41.2557572,-072.8959657,2161,4841,7248,Census Tract 1428,6.285469136275971,14.465624757464846,0.3774619436425854,1,5.354288435510548,-72.89835113433489,41.26554884518099,4416.0,76.67375132837407,23.32624867162593,10.167064439140812,73273.0,91.07789855072464,0.0,25.181159420289855,67.40858505564388,252800.0,702.5728556224209
G5020,20740338967506,09009150100,09,009,150100,1501,Census Tract 1501,CT,S,3142587,153797,U,+41.2223849,-073.0604964,+41.2207112,-073.0633050,2196,4123,7249,Census Tract 1501,3.2958964301246994,10.731557391786104,0.3596316578478122,1,14.64507930373299,-73.06049637641759,41.222384900884364,4166.0,55.836280949974736,44.163719050025264,1.3459621136590227,68125.0,95.7993278924628,0.2400384061449832,28.636581853096494,63.239074550128535,340200.0,1263.9960290992458
G5020,20740338967525,09009150200,09,009,150200,1502,Census Tract 1502,CT,S,2663852,693122,M,+41.2053904,-073.0664740,+41.2056736,-073.0668263,1577,3622,7306,Census Tract 1502,3.3564568877444323,10.079585896112846,0.41515049196155884,2,16.29322162467811,-73.0664739942251,41.2053904310193,3366.0,54.506128334534964,45.49387166546503,12.381554011370815,65994.0,68.36007130124777,1.8716577540106951,30.926916221033867,68.84031122638014,285100.0,1002.8432101393624
G5020,20740338969218,09009150300,09,009,150300,1503,Census Tract 1503,CT,S,2927490,36882,U,+41.2053462,-073.0881624,+41.2061023,-073.0858747,1736,3953,8047,Census Tract 1503,2.9638762398430223,8.615157845125955,0.5018147833781149,1,17.63794533981044,-73.08816237524499,41.20534616918594,4079.0,76.51090342679127,23.489096573208723,2.3722627737226274,67176.0,87.59499877420936,5.025741603334151,17.528806079921548,64.76449275362319,284300.0,1376.23830076523
G5020,20740338967550,09009150400,09,009,150400,1504,Census Tract 1504,CT,S,1638869,803084,U,+41.1919967,-073.0860717,+41.1918418,-073.0869119,2118,4284,7307,Census Tract 1504,2.441547043437677,9.14367843947481,0.36697212054902034,1,18.508232046820588,-73.08607170188361,41.191996676800265,4241.0,59.72293483837866,40.277065161621344,4.647749510763209,59591.0,82.17401556236736,7.2388587597264795,30.228719641593965,61.01646791595684,299800.0,1737.0134281863802
G5020,20740338967569,09009150500,09,009,150500,1505,Census Tract 1505,CT,S,4274815,2206165,U,+41.1862890,-073.1070254,+41.1928031,-073.0996403,1756,4308,8104,Census Tract 1505,6.4798125810330705,11.454138809354305,0.620650950681822,1,20.223542149827857,-73.10702533297787,41.18628900307726,4192.0,84.1577958672511,15.842204132748904,2.917933130699088,73615.0,91.98473282442748,2.45706106870229,23.401717557251906,70.41877041877042,309700.0,646.9322912626083
G5020,20740338969237,09009150600,09,009,150600,1506,Census Tract 1506,CT,S,10149318,830574,U,+41.2261457,-073.0911760,+41.2236452,-073.0951872,2591,6407,8048,Census Tract 1506,10.978027547771607,13.52755931881495,0.7538679607315304,1,16.44391716395945,-73.09117595674725,41.22614569756815,6422.0,88.38071693448703,11.61928306551298,4.071146245059289,86932.0,87.02896293989411,0.8252880722516349,28.91622547492993,62.7007733491969,383300.0,584.9866901913159
G5020,20740338969258,09009150700,09,009,150700,1507,Census Tract 1507,CT,S,11466008,489506,U,+41.2522156,-073.0679182,+41.2476608,-073.0690923,1540,4361,8096,Census Tract 1507,11.953664872491636,14.549010176147434,0.709649734669716,1,13.28081944963215,-73.06791809757668,41.25221550972628,4292.0,90.07328447701532,9.926715522984676,1.7026850032743943,97723.0,94.99068033550793,0.0,26.747437092264683,69.79687959964674,407100.0,359.05306412571116
G5020,20740338969275,09009150800,09,009,150800,1508,Census Tract 1508,CT,S,5482179,37077,U,+41.2437015,-073.0329851,+41.2429883,-073.0329766,1699,3950,8853,Census Tract 1508,5.518534306402278,11.17144126079162,0.5556677579714442,1,11.35668578489615,-73.03298497872343,41.24370155283154,4133.0,77.77097366809554,22.22902633190447,3.600944510035419,73156.0,86.47471570287927,4.0406484393902735,26.276312605855313,63.18648159324079,338000.0,748.930743296302
G5020,20740338967592,09009150900,09,009,150900,1509,Census Tract 1509,CT,S,4484481,955137,U,+41.2183095,-073.0409683,+41.2187991,-073.0456258,1617,3958,8105,Census Tract 1509,5.438878666121113,12.838892339736589,0.41463324466110035,1,13.771099237468105,-73.04096829747013,41.21830954516341,3782.0,87.12121212121212,12.878787878787879,4.724409448818897,97647.0,94.34161819143311,0.6345848757271285,32.49603384452671,67.78636210950621,380400.0,695.3639218977537
G5020,20740338967611,09009151000,09,009,151000,1510,Census Tract 1510,CT,S,2070020,905216,U,+41.2095446,-073.0197432,+41.2106680,-073.0182936,2082,4126,8106,Census Tract 1510,2.9748748029164287,8.555771093030891,0.5106933985161386,1,13.398359810630266,-73.01974313133499,41.20954457280624,4118.0,78.5524215007983,21.447578499201704,8.874878758486906,83798.0,91.2821758135017,1.0199125789218066,31.690140845070424,68.35405565423326,362500.0,1384.2599345568776
G5020,20740338967633,09009151100,09,009,151100,1511,Census Tract 1511,CT,S,5701816,698521,U,+41.2261279,-073.0126290,+41.2209222,-073.0127153,2861,6579,8107,Census Tract 1511,6.399590989032481,13.368384380996071,0.4499914204528074,1,11.561946746098789,-73.01262892388226,41.226127909280095,6832.0,83.46697212676594,16.533027873234058,8.105263157894736,84819.0,88.61241217798595,0.27810304449648715,29.493559718969554,68.57142857142857,364600.0,1067.5682261114148
G5020,20740338969298,09009151200,09,009,151200,1512,Census Tract 1512,CT,S,3442609,3033,U,+41.2382622,-073.0033923,+41.2380691,-073.0046618,1301,3088,8854,Census Tract 1512,3.4452578547294475,9.579252909929185,0.4718112763606383,1,10.025105742500395,-73.00339224705513,41.238262209077625,3130.0,87.7567140600316,12.243285939968404,0.8613938919342208,74375.0,92.42811501597444,1.5974440894568689,21.054313099041533,67.56862745098039,299300.0,908.4951350457906
G5020,20740338970911,09009154100,09,009,154100,1541,Census Tract 1541,CT,S,6396549,251813,U,+41.2995061,-072.9729101,+41.2996807,-072.9726942,3143,8070,8100,Census Tract 1541,6.647755312871412,12.102741013750606,0.5703184349699602,1,3.8937977126045467,-72.97291002269186,41.29950616135418,8610.0,55.76373451889489,44.236265481105114,7.273262661955242,45657.0,54.97096399535424,34.91289198606272,14.483159117305458,59.92526158445442,226100.0,1295.1740241295104
G5020,20740338970927,09009154200,09,009,154200,1542,Census Tract 1542,CT,S,3066391,0,U,+41.2734042,-072.9788629,+41.2734042,-072.9788629,2891,7176,8901,Census Tract 1542,3.06610161356391,9.631546441954065,0.4153405766664414,1,5.765437583977178,-72.97886289783663,41.27340419104304,7137.0,47.69174845510724,52.30825154489277,11.315280464216634,50054.0,46.58820232590725,40.08687123441222,17.458315818971556,65.89204025617566,223500.0,2327.711504546076
G5020,20740338967656,09009154500,09,009,154500,1545,Census Tract 1545,CT,S,1375282,130145,U,+41.2789808,-072.9458221,+41.2790596,-072.9457386,1979,4813,8108,Census Tract 1545,1.5053206522502283,5.089310955721789,0.7303329754853575,1,3.5854365181568,-72.94582211659275,41.27898081028061,4562.0,33.88006150691953,66.11993849308048,8.145009416195856,44583.0,78.18939061814993,13.656291100394563,13.612450679526521,61.98370328744029,220200.0,3030.5835458913657
G5020,20740338970969,09009154600,09,009,154600,1546,Census Tract 1546,CT,S,2261569,107161,U,+41.2711610,-072.9633678,+41.2711521,-072.9639591,1771,4029,8902,Census Tract 1546,2.3685339823932723,7.125844531792153,0.5861608365711537,1,5.083062227757601,-72.96336777107723,41.2711610107513,3641.0,54.106583072100314,45.893416927899686,11.634349030470915,52674.0,68.58006042296071,14.666300466904698,15.517714913485307,60.403329065300895,225100.0,1537.237813375585
G5020,20740338967677,09009154700,09,009,154700,1547,Census Tract 1547,CT,S,5083501,367751,U,+41.2490754,-072.9816690,+41.2513027,-072.9788333,2580,6384,8109,Census Tract 1547,5.450731354349386,13.07597304107603,0.40060522447950403,1,7.971869682438403,-72.98166904172292,41.24907536736629,6717.0,94.0978707508405,5.902129249159507,1.86950146627566,72276.0,91.66294476700908,3.707012058954891,20.262021735894002,67.99121040102546,259200.0,1232.3116960516136
G5020,20740338967695,09009154800,09,009,154800,1548,Census Tract 1548,CT,S,1958273,355039,U,+41.2488576,-072.9692792,+41.2491043,-072.9690855,2119,5135,8110,Census Tract 1548,2.3131139207693114,6.732054362965133,0.6413744534887764,1,7.456255732736293,-72.96927921079532,41.24885762567793,5119.0,95.7948717948718,4.205128205128205,11.804613297150611,71185.0,95.72182066809923,1.1525688611056846,15.745262746630202,64.95628163828809,240400.0,2213.0341069831475
G5020,20740338970988,09009154900,09,009,154900,1549,Census Tract 1549,CT,S,1850369,0,U,+41.2632135,-072.9559416,+41.2632135,-072.9559416,1726,3670,8903,Census Tract 1549,1.850224532713633,5.973709324765281,0.6515475653815745,1,5.530721912832701,-72.9559415911766,41.263213482840904,4060.0,63.24022346368715,36.75977653631285,1.8102029621503017,50268.0,87.78325123152709,4.433497536945813,12.364532019704432,58.84146341463414,225500.0,2194.328271091184
G5020,20740338967714,09009155000,09,009,155000,1550,Census Tract 1550,CT,S,1563727,1182829,U,+41.2690350,-072.9346882,+41.2692050,-072.9351672,2284,5290,8111,Census Tract 1550,2.7463805157089,8.434117031673814,0.4851670825888138,1,4.3975281320762205,-72.93468813166521,41.26903503969112,5309.0,56.1244019138756,43.8755980861244,10.300429184549357,52067.0,68.22377095498211,22.734978338670185,8.947071011489923,63.17617866004963,228300.0,1933.0897410731277
G5020,20740338967735,09009155100,09,009,155100,1551,Census Tract 1551,CT,S,1262790,785958,U,+41.2584171,-072.9442127,+41.2580183,-072.9449400,1895,3390,8151,Census Tract 1551,2.048603241470583,7.194558656415796,0.49734688728352505,1,5.705838594208264,-72.94421265481185,41.25841712351092,3773.0,47.37449509521062,52.62550490478938,7.226980728051393,42269.0,96.20991253644316,1.855287569573284,17.068645640074212,58.31037649219467,236700.0,1841.7426681857462
G5020,20740338969970,09009157100,09,009,157100,1571,Census Tract 1571,CT,S,9341972,96412,U,+41.2667677,-073.0038842,+41.2664800,-073.0030665,1191,2603,20081,Census Tract 1571,9.437324865615729,15.641043468619406,0.48476060997402093,1,7.860316678168903,-73.0038841592555,41.266767700122024,2697.0,68.38824577025824,31.611754229741763,7.495881383855024,75688.0,84.57545420837968,4.078605858361143,32.8513162773452,58.51586946803755,432100.0,285.780137740764
G5020,20740338969988,09009157200,09,009,157200,1572,Census Tract 1572,CT,S,9288029,63034,U,+41.2675169,-073.0360146,+41.2719323,-073.0308124,1383,3837,20082,Census Tract 1572,9.349812407914888,12.05250058918204,0.8088322116314556,1,10.125513379218827,-73.03601456268979,41.267516876783866,3502.0,97.54552652414885,2.454473475851148,4.894578313253012,107063.0,91.43346659051971,0.6567675613934895,40.77669902912621,69.95645863570392,436700.0,374.55296932326206
G5020,20740338968218,09009157300,09,009,157300,1573,Census Tract 1573,CT,S,11638835,358899,U,+41.2900032,-073.0573818,+41.2865099,-073.0667936,1196,3310,8155,Census Tract 1573,11.995954204247377,15.60905477024094,0.6187161526064445,1,11.032721403664416,-73.05738170072287,41.29000323678319,3321.0,99.27536231884058,0.7246376811594203,7.6923076923076925,112143.0,86.32941884974406,5.841613971695272,42.00542005420054,66.07680722891565,436200.0,276.8433376332949
G5020,20740338970005,09009157400,09,009,157400,1574,Census Tract 1574,CT,S,14229928,98008,U,+41.2969646,-073.0114292,+41.2957456,-073.0134237,1575,4206,20133,Census Tract 1574,14.326250506005797,17.570623441022317,0.5831335946397276,1,7.107543690706862,-73.01142899658103,41.296964556300196,4311.0,92.69588313413014,7.3041168658698545,4.198473282442748,98409.0,96.5205288796103,0.0,36.53444676409186,60.73943661971831,393900.0,300.91613979476057
G5020,20740338971097,09009160100,09,009,160100,1601,Census Tract 1601,CT,S,17426773,23631,U,+41.3328141,-073.0188741,+41.3346058,-073.0133432,1272,3443,8908,Census Tract 1601,17.44824538668941,18.04188138504837,0.6735936399278423,1,8.088482492459812,-73.01887402349256,41.33281406452649,3459.0,98.99458623356536,1.005413766434648,7.708779443254818,137702.0,94.10234171725932,1.156403584851113,46.45851402139346,70.94744633604736,547600.0,198.24342925843632
G5020,20740338971113,09009160200,09,009,160200,1602,Census Tract 1602,CT,S,31295554,948311,M,+41.3694700,-073.0054781,+41.3725197,-073.0032862,2206,5547,8909,Census Tract 1602,32.24016045773079,29.167349644976927,0.4762260225935416,1,9.397333475824352,-73.00547770467561,41.36946993116561,5548.0,90.4921165790731,9.507883420926898,9.197396963123644,119250.0,88.91492429704398,1.802451333813987,48.52198990627253,67.65639165911152,472900.0,172.08351079002335
G5020,20740338967947,09009161100,09,009,161100,1611,Census Tract 1611,CT,S,54669018,996204,M,+41.4260508,-072.9930851,+41.4229640,-072.9941871,2044,5563,6504,Census Tract 1611,55.65922358080807,34.05595339721127,0.6030605536994336,1,14.168581953966848,-72.99308477911758,41.4260508620061,5467.0,95.07415254237289,4.9258474576271185,4.742684157416751,113720.0,93.67111761477959,2.323029083592464,34.31498079385403,70.06414825374199,422500.0,98.22271401365872
G5020,20740338968550,09009165100,09,009,165100,1651,Census Tract 1651,CT,S,4735203,582965,U,+41.3466068,-072.8913938,+41.3476666,-072.8868568,1602,3928,9692,Census Tract 1651,5.3179899666384145,11.615549010724108,0.4953109103448875,1,5.238202063618641,-72.89139378676617,41.34660685373221,4287.0,77.47183979974969,22.528160200250312,3.033980582524272,56500.0,58.73571261954746,31.280615815255423,21.810123629577795,62.77777777777778,225400.0,806.1316450188567
G5020,20740338968570,09009165200,09,009,165200,1652,Census Tract 1652,CT,S,3546279,314643,U,+41.3483261,-072.9056234,+41.3494404,-072.9071486,1167,2485,10383,Census Tract 1652,3.8607517067075356,10.855788731524752,0.411679243288746,1,4.8205235203788686,-72.90562342719527,41.34832608176681,2665.0,75.60344827586208,24.39655172413793,4.526748971193416,126146.0,94.6341463414634,1.275797373358349,56.58536585365853,74.53250222617987,397200.0,690.2800807858018
G5020,20740338968588,09009165300,09,009,165300,1653,Census Tract 1653,CT,S,1594783,219752,U,+41.3655031,-072.9128976,+41.3654386,-072.9128504,1065,2289,10384,Census Tract 1653,1.814447171656685,8.524262541472806,0.3137910537825667,1,6.475747314131036,-72.91289761985728,41.36550309980337,2471.0,91.4750957854406,8.524904214559387,4.132231404958678,92837.0,92.02751922298664,4.694455685957102,42.25010117361393,67.47285291214216,302700.0,1361.8473100783904
G5020,20740338968608,09009165400,09,009,165400,1654,Census Tract 1654,CT,S,2866393,274185,U,+41.3457474,-072.9200923,+41.3459440,-072.9191040,2638,5112,10421,Census Tract 1654,3.1404088346625643,8.121104411848815,0.5983645640316244,1,4.209850395136678,-72.92009230664573,41.3457474108677,5341.0,57.24,42.76,9.321726514327167,57188.0,65.73675341696311,23.216626099981276,35.199400861261935,56.201636082246296,242700.0,1700.7339748405366
G5020,20740338968628,09009165500,09,009,165500,1655,Census Tract 1655,CT,S,1557265,0,U,+41.3404093,-072.9338135,+41.3404093,-072.9338135,1934,4959,10422,Census Tract 1655,1.5571610785263748,5.385553399011915,0.6746565345647119,1,3.600154468216878,-72.93381346178322,41.34040928670122,4916.0,48.580786026200876,51.419213973799124,7.707808564231739,42719.0,24.9593165174939,56.30593978844589,8.665581773799836,64.69968387776606,207500.0,3157.027277262976
G5020,20740338968649,09009165600,09,009,165600,1656,Census Tract 1656,CT,S,2347325,0,U,+41.3558996,-072.9323558,+41.3558996,-072.9323558,2327,5569,10423,Census Tract 1656,2.347175679390035,7.0668273900029615,0.5906177479230413,1,5.29940973706604,-72.93235573249002,41.35589962679556,5783.0,62.39238785681921,37.60761214318079,6.164965986394558,65592.0,68.303648625281,22.23759294483832,16.15078678886391,75.47696603071195,221300.0,2463.8121682919104
G5020,20740338968670,09009165700,09,009,165700,1657,Census Tract 1657,CT,S,2693531,4094,U,+41.3467215,-072.9501182,+41.3417057,-072.9508163,1538,4588,11070,Census Tract 1657,2.697419967413259,10.195338777258703,0.32610323664192076,1,4.654719298433773,-72.95011818080141,41.34672145067391,4397.0,89.01315789473684,10.986842105263158,5.118601747815231,72024.0,52.763247668865134,36.43393222651808,19.33136229247214,72.08163265306122,205300.0,1630.0761665290797
G5020,20740338968693,09009165801,09,009,165801,1658.01,Census Tract 1658.01,CT,S,3910263,0,U,+41.3745123,-072.9273092,+41.3745123,-072.9273092,2851,5434,11071,Census Tract 1658.01,3.9100261267328236,7.77594663709041,0.8126115301937147,1,7.353520444552231,-72.92730919125587,41.37451232383786,5591.0,34.36921938586755,65.63078061413245,6.047966631908238,53422.0,61.34859595778931,21.3378644249687,23.466285101055266,62.53314297368958,239500.0,1429.9137189325588
G5020,20740338968734,09009165802,09,009,165802,1658.02,Census Tract 1658.02,CT,S,12882293,179713,M,+41.3736491,-072.9536368,+41.3743060,-072.9526036,1543,4086,11073,Census Tract 1658.02,13.060970712855893,18.393571456374758,0.48512448194727015,1,7.570396833975698,-72.95363677107805,41.37364920203142,3958.0,95.99456890699253,4.005431093007468,6.058673469387755,80066.0,77.05912076806469,17.559373420919655,20.363820111167254,63.90570245301051,284400.0,303.04026301078426
G5020,20740338968757,09009165900,09,009,165900,1659,Census Tract 1659,CT,S,27039743,29123,M,+41.4264867,-072.9311577,+41.4292261,-072.9366115,2752,7897,11106,Census Tract 1659,27.067122534411418,24.666029067295057,0.5590536343748956,1,13.128346239033796,-72.9311577245186,41.42648659340611,8048.0,95.15370705244123,4.84629294755877,1.3556903317873708,110509.0,88.79224652087476,7.268886679920477,36.69234592445328,61.228523642998326,343900.0,297.33489364332263
G5020,20740338968776,09009166001,09,009,166001,1660.01,Census Tract 1660.01,CT,S,4075184,0,U,+41.3897936,-072.9079530,+41.3897936,-072.9079530,3605,6887,11699,Census Tract 1660.01,4.074991395477663,11.553375983255801,0.3836354630544547,1,9.203156560203736,-72.90795301908358,41.38979363638441,6821.0,45.760145366444576,54.23985463355542,3.8719068413391557,56611.0,84.72364755900894,5.571030640668524,37.208620436886086,62.4828060522696,252800.0,1673.8685651139774
G5020,20740338968796,09009166002,09,009,166002,1660.02,Census Tract 1660.02,CT,S,17265587,161580,M,+41.4277512,-072.8912468,+41.4329671,-072.8820553,2092,7726,11700,Census Tract 1660.02,17.426540008616495,24.68745924317178,0.35930911926937004,1,13.615871001017744,-72.89124672988282,41.42775120620295,6015.0,88.47117794486216,11.528822055137844,9.523809523809524,71230.0,88.54530340814631,4.28927680798005,24.056525353283458,61.41485038788327,251800.0,345.1631819641709
G5020,20740338969912,09009167100,09,009,167100,1671,Census Tract 1671,CT,S,16469862,247763,M,+41.3959854,-072.8773380,+41.3996969,-072.8799539,3234,7743,11055,Census Tract 1671,16.717209867085046,26.524747779305162,0.29858716324486884,1,10.61772958119648,-72.8773380221921,41.39598557652704,7764.0,84.98010610079577,15.019893899204245,5.276381909547738,100145.0,87.06852138073158,6.0278207109737245,37.210200927357036,65.9449780237669,382100.0,464.43156852907276
G5020,20740338968715,09009167201,09,009,167201,1672.01,Census Tract 1672.01,CT,S,9450302,405041,U,+41.3695895,-072.8641193,+41.3723210,-072.8657575,1746,4176,11072,Census Tract 1672.01,9.855199586555305,21.9821695795526,0.2562914866536517,1,8.650514849494797,-72.86411927884085,41.369589678099686,3965.0,82.36017209588199,17.639827904118007,4.294117647058823,69488.0,86.7843631778058,3.8839848675914252,23.90920554854981,64.75211608222492,296100.0,402.3256926637129
G5020,20740338969929,09009167202,09,009,167202,1672.02,Census Tract 1672.02,CT,S,9886376,55873,U,+41.4057850,-072.8446092,+41.4063301,-072.8448305,1840,4485,11056,Census Tract 1672.02,9.94223826151161,17.733113428309938,0.39730501466422463,1,12.875996209218222,-72.84460910380812,41.405785100239484,4426.0,85.96196868008948,14.038031319910516,0.0,62400.0,95.14234071396295,0.7907817442385902,22.955264347040217,58.98468976631749,295200.0,445.1713873257222
G5020,20740338969951,09009167300,09,009,167300,1673,Census Tract 1673,CT,S,18168154,5776,U,+41.3620918,-072.8420230,+41.3632095,-072.8415453,2671,7689,20080,Census Tract 1673,18.17396893923428,22.54778695362115,0.4492124664048177,1,9.346840587638251,-72.842022917615,41.36209203146692,7772.0,89.73444312326595,10.265556876734047,3.110599078341014,85378.0,91.09624292331446,0.46320123520329387,19.119917653113742,66.48280337443218,347400.0,427.64461774894266
G5020,20740338968840,09009170100,09,009,170100,1701,Census Tract 1701,CT,S,485475,0,U,+41.5391509,-072.7965993,+41.5391509,-072.7965993,818,2022,11702,Census Tract 1701,0.48549245441734745,3.1488950516639345,0.6152845013118796,1,27.88919991969412,-72.79659929369495,41.53915092415975,1771.0,9.428571428571429,90.57142857142857,15.764139590854393,23611.0,30.77357425183512,17.843026538678714,2.5974025974025974,52.77533039647577,166000.0,3647.8424821770395
G5020,20740338970101,09009170200,09,009,170200,1702,Census Tract 1702,CT,S,627476,0,U,+41.5416464,-072.8032597,+41.5416464,-072.8032597,1299,2505,6508,Census Tract 1702,0.6274930603398274,3.874434466958471,0.5252936514975306,1,27.931668219692146,-72.80325970810483,41.54164641328131,2445.0,19.288888888888888,80.71111111111111,17.096536477523948,16970.0,51.82004089979551,11.411042944785276,3.885480572597137,38.38604143947656,180800.0,3896.457434407126
G5020,20740338968860,09009170300,09,009,170300,1703,Census Tract 1703,CT,S,898948,0,U,+41.5440757,-072.8112609,+41.5440757,-072.8112609,899,2147,11744,Census Tract 1703,0.8989664112676096,4.080988510254057,0.6783011995558261,1,27.941720481274764,-72.81126088506133,41.544075690799005,2544.0,34.06720741599073,65.93279258400926,7.700534759358289,27068.0,36.43867924528302,4.363207547169811,2.5550314465408808,52.3463687150838,157700.0,2829.9166332730615
G5020,20740338968903,09009170400,09,009,170400,1704,Census Tract 1704,CT,S,5421606,145129,U,+41.5558299,-072.8310791,+41.5611608,-072.8369116,736,1747,11746,Census Tract 1704,5.566766949799882,13.040072416618445,0.41138921095000797,1,28.657200130363393,-72.83107900626162,41.555829813617976,1431.0,51.41643059490085,48.583569405099155,7.470511140235911,61278.0,84.0670859538784,5.380852550663871,17.051013277428375,74.97949138638228,189400.0,257.06123732222034
G5020,20740338968082,09009170500,09,009,170500,1705,Census Tract 1705,CT,S,7464114,0,U,+41.5302064,-072.8412619,+41.5302064,-072.8412619,2235,5781,7312,Census Tract 1705,7.464095476538288,19.023023740325275,0.2591957942058591,1,25.687227761648877,-72.84126186530352,41.53020634611917,5754.0,91.5473441108545,8.452655889145497,2.4774774774774775,83594.0,87.0524852276677,1.3555787278415017,21.16788321167883,72.39761092150171,234300.0,770.8904606172857
G5020,20740338968923,09009170600,09,009,170600,1706,Census Tract 1706,CT,S,2091426,285028,U,+41.5303558,-072.8275806,+41.5299794,-072.8273036,1121,2518,11747,Census Tract 1706,2.3764745499876234,9.792082638814119,0.3114532677266547,1,26.048628492326152,-72.82758061216195,41.53035579519658,2715.0,64.35361216730038,35.646387832699624,6.902654867256637,48083.0,79.18968692449356,1.2523020257826887,10.902394106813997,61.334552102376605,195700.0,1142.4485905031634
G5020,20740338968941,09009170700,09,009,170700,1707,Census Tract 1707,CT,S,920217,0,U,+41.5324824,-072.8162182,+41.5324824,-072.8162182,1059,2598,6422,Census Tract 1707,0.9202313628269922,4.791903343415774,0.5036058841731933,1,26.590814820884507,-72.8162181510993,41.53248244462391,2651.0,67.69964243146603,32.30035756853397,17.17670286278381,66893.0,65.74877404752924,5.167861184458695,12.146359864202187,68.66734486266532,221400.0,2880.7972723902917
G5020,20740338968959,09009170800,09,009,170800,1708,Census Tract 1708,CT,S,3401918,0,U,+41.5212551,-072.8127631,+41.5212551,-072.8127631,2481,5741,6423,Census Tract 1708,3.4019839723263554,10.095031973663295,0.41949494282476674,1,25.53482989151305,-72.8127630519896,41.521255099816244,6213.0,64.08071748878925,35.91928251121077,10.297666934835076,42218.0,74.61773700305811,6.116207951070336,8.868501529051988,58.33172427109481,187900.0,1826.2872637084786
G5020,20740338968982,09009170900,09,009,170900,1709,Census Tract 1709,CT,S,691735,0,U,+41.5327013,-072.8089940,+41.5327013,-072.8089940,816,2006,6424,Census Tract 1709,0.691751334348721,5.255622887247972,0.3147106783603858,1,26.831429775788166,-72.80899402623797,41.532701342457706,2047.0,54.637681159420296,45.36231884057971,19.39252336448598,36875.0,37.274059599413775,11.138251099169516,3.810454323400098,57.105943152454785,175100.0,2959.155838748379
G5020,20740338969004,09009171000,09,009,171000,1710,Census Tract 1710,CT,S,509091,0,U,+41.5334953,-072.7973282,+41.5334953,-072.7973282,917,1869,6425,Census Tract 1710,0.5091081184990756,3.6285847372599402,0.48589826421429905,1,27.28863190388153,-72.7973281696849,41.533495282690296,1692.0,7.790821771611527,92.20917822838848,9.99039385206532,14708.0,53.84160756501182,3.309692671394799,4.25531914893617,49.48535233570863,237500.0,3323.459081713843
G5020,20740338969022,09009171100,09,009,171100,1711,Census Tract 1711,CT,S,4294401,0,U,+41.5185585,-072.7961545,+41.5185585,-072.7961545,2523,5784,6426,Census Tract 1711,4.294543207933264,10.591500257197515,0.4810739918566255,1,25.818997636091314,-72.79615447045568,41.518558578946894,4828.0,85.17840805123514,14.821591948764867,6.501283147989735,67711.0,76.88483844241922,5.240265120132561,13.91880695940348,66.30630630630631,209800.0,1124.2173535665647
G5020,20740338969038,09009171200,09,009,171200,1712,Census Tract 1712,CT,S,13148407,106599,M,+41.5144757,-072.7665491,+41.5157711,-072.7672006,3285,8018,7236,Census Tract 1712,13.255733835342207,15.580970945235453,0.6861587466823815,1,26.57672557630904,-72.76654894665076,41.514475722841574,8046.0,91.60730876432332,8.392691235676681,0.43169904409497384,79226.0,88.65274670643798,3.2811334824757643,20.519512801391997,64.0906449738524,232200.0,606.9826159716556
G5020,20740338969058,09009171300,09,009,171300,1713,Census Tract 1713,CT,S,1938432,0,U,+41.5354947,-072.7778804,+41.5354947,-072.7778804,1519,3694,7237,Census Tract 1713,1.9385198271113433,6.2371588775778735,0.6261905331618692,1,28.177337309089136,-72.7778803345789,41.5354946586252,3587.0,70.58423913043478,29.415760869565215,6.361323155216285,58393.0,71.64761639252858,7.2762754390855875,13.576805129634792,66.60727013542409,196900.0,1850.3808678320897
G5020,20740338969078,09009171400,09,009,171400,1714,Census Tract 1714,CT,S,679347,0,U,+41.5380820,-072.7898225,+41.5380820,-072.7898225,910,2128,7238,Census Tract 1714,0.6793735227802158,4.5583671262325565,0.41086569476711443,1,28.008833782141796,-72.78982247592738,41.538082018836846,2254.0,37.38738738738739,62.612612612612615,6.722689075630252,34375.0,58.74001774622892,13.354037267080745,3.5936113575865134,58.7375803623612,188200.0,3317.762503866657
G5020,20740338969097,09009171500,09,009,171500,1715,Census Tract 1715,CT,S,991493,0,U,+41.5486152,-072.7884978,+41.5486152,-072.7884978,1414,3656,7239,Census Tract 1715,0.9915291403483537,4.099326491966122,0.7414644408524655,1,29.12248719722541,-72.78849776006612,41.548615162488275,3503.0,24.765157984628523,75.23484201537147,18.510786360473208,42153.0,38.766771338852415,22.837567799029404,5.709391949757351,68.77534468775345,172000.0,3532.926928168033
G5020,20740338969117,09009171600,09,009,171600,1716,Census Tract 1716,CT,S,7738201,237995,U,+41.5617854,-072.7921715,+41.5605884,-072.7947839,2190,4808,7240,Census Tract 1716,7.976470226138069,13.261117680924347,0.5699809676992447,1,30.352104351839564,-72.79217140829158,41.561785450760816,4985.0,66.55306718597858,33.44693281402142,5.0831792975970425,68255.0,63.28986960882648,10.672016048144433,18.134403209628886,63.098591549295776,179700.0,624.9631552142788
G5020,20740338969141,09009171700,09,009,171700,1717,Census Tract 1717,CT,S,10011789,164815,M,+41.5548311,-072.7628798,+41.5636761,-072.7681174,1670,3846,8043,Census Tract 1717,10.177180635929505,14.822856076351195,0.5820677846534428,1,30.658211461733114,-72.76287974013849,41.55483104523228,4018.0,85.64993564993564,14.35006435006435,6.666666666666667,71071.0,87.48133399701345,5.973120955699353,23.145843703334993,61.94977843426883,225400.0,394.80482303859856
G5020,20740338970283,09009175100,09,009,175100,1751,Census Tract 1751,CT,S,1377939,0,U,+41.4614590,-072.8157981,+41.4614590,-072.8157981,1432,3244,6588,Census Tract 1751,1.377962646473456,5.109292426323185,0.6633241194787395,1,19.423049606500356,-72.81579811797516,41.461458958999586,3376.0,46.77296886864085,53.22703113135915,5.995717344753747,61540.0,89.33649289099526,0.0,30.03554502369668,68.46549192364171,256400.0,2449.993843185816
G5020,20740338970303,09009175200,09,009,175200,1752,Census Tract 1752,CT,S,801132,0,U,+41.4521597,-072.8228053,+41.4521597,-072.8228053,1140,2315,6589,Census Tract 1752,0.8011436483369031,3.9727116310100485,0.637890558460688,1,18.235920783058578,-72.82280526827707,41.45215969328502,2739.0,47.54990925589836,52.45009074410163,1.4311270125223614,44722.0,87.40416210295729,2.4096385542168677,10.113179992698065,66.31912964641886,231400.0,3418.8625294426283
G5020,20740338970322,09009175300,09,009,175300,1753,Census Tract 1753,CT,S,4342645,12183,U,+41.4356521,-072.8242725,+41.4349418,-072.8229595,1839,4327,7361,Census Tract 1753,4.3548837941190985,10.556778929580911,0.4910475863429736,1,16.589245406271488,-72.82427246749407,41.43565212980203,4248.0,72.84961966062025,27.150380339379755,4.41834451901566,63180.0,93.38512241054615,1.177024482109228,17.796610169491526,61.80817154447986,252700.0,975.4565680343902
G5020,20740338970178,09009175400,09,009,175400,1754,Census Tract 1754,CT,S,10364085,311098,U,+41.4712147,-072.8225133,+41.4726268,-072.8221055,1988,4431,6510,Census Tract 1754,10.67533023727544,27.407936325870544,0.17858234000383041,1,20.126091695012608,-72.82251334901747,41.471214988616346,4412.0,50.981461286804794,49.018538713195206,4.7767393561786085,53885.0,89.57388939256573,2.0625566636446058,11.627379873073435,74.05045744385916,243800.0,413.2893223850311
G5020,20740338970200,09009175500,09,009,175500,1755,Census Tract 1755,CT,S,13757334,206055,M,+41.4573210,-072.8550642,+41.4584706,-072.8530942,3493,7905,6511,Census Tract 1755,13.96325305131899,18.42646866151158,0.5167877933050553,1,17.635916252511443,-72.85506406810804,41.45732106822263,7634.0,76.93274670018856,23.067253299811437,2.750611246943765,75372.0,95.53314121037464,2.0172910662824206,27.705003929787793,63.6030534351145,263800.0,546.7207370619758
G5020,20740338970224,09009175600,09,009,175600,1756,Census Tract 1756,CT,S,6382918,0,U,+41.4828085,-072.8434767,+41.4828085,-072.8434767,2026,5009,6585,Census Tract 1756,6.382903683238567,12.463017730134425,0.5163946442540963,1,20.62681513093668,-72.84347659662511,41.482808488075364,5038.0,84.7360167276529,15.263983272347097,1.594650205761317,69688.0,88.60658991663358,0.39698292973402144,21.11949186184994,71.14026236125126,248300.0,789.2959458607736
G5020,20740338970245,09009175700,09,009,175700,1757,Census Tract 1757,CT,S,5589593,59021,U,+41.5018399,-072.8341459,+41.5071009,-072.8339129,942,2496,6586,Census Tract 1757,5.648638389208696,12.29703100656331,0.46941082555300323,1,22.879532736001597,-72.83414588408839,41.50183983573605,2420.0,83.05830583058305,16.94169416941694,0.0,96827.0,94.87603305785125,0.0,21.198347107438018,73.98543184183143,320300.0,428.42183075893655
G5020,20740338969160,09009175800,09,009,175800,1758,Census Tract 1758,CT,S,14535865,273927,U,+41.4781779,-072.7895687,+41.4763105,-072.7907037,1443,4014,8044,Census Tract 1758,14.810359827027861,16.291603032726968,0.7012095712273332,1,22.131376086118756,-72.78956862919524,41.47817788729799,4082.0,90.88905216752387,9.110947832476121,4.08738548273432,102724.0,95.17393434590888,0.9064184223419891,30.230279274865264,70.84538733526198,383100.0,275.61788151498104
G5020,20740338970339,09009175900,09,009,175900,1759,Census Tract 1759,CT,S,5227304,16182,U,+41.4455506,-072.8027576,+41.4451602,-072.8030819,2264,5043,7362,Census Tract 1759,5.2436415447699,11.205940343927017,0.5247425089414286,1,18.49171327075766,-72.80275758336344,41.44555067104433,4891.0,60.962566844919785,39.037433155080215,4.900601017105871,64119.0,92.25107340012268,3.250868942956451,19.79145369045185,60.042482888836446,271400.0,932.7487316287609
G5020,20740338970265,09009176000,09,009,176000,1760,Census Tract 1760,CT,S,39086876,1270759,M,+41.4435451,-072.7729730,+41.4479970,-072.7724832,2378,6351,6587,Census Tract 1760,40.35973449118802,31.92675480207418,0.4975636107856937,1,19.83907462298739,-72.77297263936336,41.44354554595437,5946.0,96.8478757423481,3.1521242576518955,6.332905434317501,92672.0,98.60410359905819,0.16818028927009754,28.388832828792467,70.21835826930854,354900.0,147.32505243061559
G5020,20740338968258,09009180100,09,009,180100,1801,Census Tract 1801,CT,S,5989805,1376462,U,+41.2520568,-072.8741227,+41.2505329,-072.8739746,3292,6811,8157,Census Tract 1801,7.366126089621029,12.922185890629557,0.5543410551616083,1,7.701459902100413,-72.87412263372036,41.252056842507514,6893.0,76.86796315250768,23.132036847492323,9.17260613572978,62106.0,92.78978674017118,1.6683592049905702,18.090816770636877,60.46065259117083,258900.0,935.7700256736482
G5020,20740338968277,09009180200,09,009,180200,1802,Census Tract 1802,CT,S,3582381,0,U,+41.2732025,-072.8806681,+41.2732025,-072.8806681,2539,5545,8158,Census Tract 1802,3.582298422269634,9.876918677425865,0.46145427088564445,1,5.553842827720809,-72.88066808354048,41.27320246679246,5345.0,64.1116526362428,35.8883473637572,5.6438127090301,59588.0,92.94667913938261,3.1057062675397566,12.628624883068287,61.16111611161116,237200.0,1492.0588320538557
G5020,20740338968295,09009180300,09,009,180300,1803,Census Tract 1803,CT,S,1774212,18509,U,+41.2744335,-072.8676805,+41.2736605,-072.8682435,1126,2546,8926,Census Tract 1803,1.7926916850714658,7.790064201228726,0.37122173343445364,1,6.2919904658941075,-72.86768044842292,41.274433498886474,2661.0,52.43553008595988,47.56446991404012,4.818181818181818,40966.0,81.3228109733183,0.0,16.459977452085685,61.898395721925134,237400.0,1484.3600950232103
G5020,20740338968317,09009180400,09,009,180400,1804,Census Tract 1804,CT,S,4926478,332484,U,+41.2943551,-072.8670198,+41.2967201,-072.8653884,975,2690,8927,Census Tract 1804,5.258886759355857,10.43967210501258,0.606359193366437,1,5.328693158003066,-72.86701972047368,41.294355098147044,2589.0,80.75221238938053,19.24778761061947,4.540654699049631,64444.0,85.59289300888373,3.1672460409424485,16.10660486674392,62.73653566229985,254100.0,492.30951691325595
G5020,20740338968342,09009180500,09,009,180500,1805,Census Tract 1805,CT,S,4126974,80208,U,+41.3160996,-072.8599440,+41.3186082,-072.8607604,1839,4692,8928,Census Tract 1805,4.20713714726918,8.862324380902466,0.6731335692905583,1,5.75588099202933,-72.85994397872345,41.31609960726876,4615.0,82.83007696862047,17.169923031379515,4.683972911963882,63579.0,88.73239436619718,2.5785482123510293,11.722643553629469,65.5504955799625,239900.0,1096.9454615938919
G5020,20740338968365,09009180601,09,009,180601,1806.01,Census Tract 1806.01,CT,S,3934803,429217,U,+41.3132500,-072.8411478,+41.3178106,-072.8322364,1260,3151,8929,Census Tract 1806.01,4.364036624105804,10.47360395989084,0.49992626592439154,1,7.285191530983641,-72.84114779316108,41.31325004237165,3203.0,87.7968877968878,12.203112203112203,2.631578947368421,51378.0,96.22229160162348,3.1220730565095223,6.774898532625663,50.0366568914956,232700.0,733.9535104511865
G5020,20740338968384,09009180602,09,009,180602,1806.02,Census Tract 1806.02,CT,S,7512731,21543,U,+41.3380025,-072.8336751,+41.3375866,-072.8351879,1502,3822,8987,Census Tract 1806.02,7.534337905287897,15.298898298503975,0.40451501130912604,1,8.550615057770845,-72.83367502007954,41.33800255194953,3768.0,96.84282772820865,3.157172271791352,2.1490933512424446,74250.0,97.85031847133759,1.0084925690021231,15.92356687898089,66.61481020535159,250800.0,500.11030131200624
G5020,20740338968064,09009184100,09,009,184100,1841,Census Tract 1841,CT,S,4014143,162843,U,+41.2810937,-072.8128499,+41.2812274,-072.8139414,2817,5083,7311,Census Tract 1841,4.177094981378214,11.191350360121481,0.4191015146721467,1,10.099027669329418,-72.81284984613075,41.28109376762405,5490.0,43.08975377283558,56.91024622716442,5.763473053892216,54294.0,96.81238615664846,0.273224043715847,25.30054644808743,63.65957446808511,265900.0,1314.310549430839
G5020,20740338967965,09009184200,09,009,184200,1842,Census Tract 1842,CT,S,5329825,125029,U,+41.2770061,-072.8435954,+41.2774647,-072.8443540,1961,4065,6505,Census Tract 1842,5.454867739984305,12.020098629752644,0.47443642702718736,1,7.8703460035472705,-72.84359527951368,41.277006174725976,4065.0,75.24411257897759,24.7558874210224,6.948156066274719,67482.0,79.2619926199262,1.8204182041820418,30.60270602706027,69.22855497985032,204300.0,745.2059690106613
G5020,20740338967757,09009184300,09,009,184300,1843,Census Tract 1843,CT,S,4060002,2216307,M,+41.2596538,-072.8375697,+41.2561035,-072.8373373,2323,4279,8152,Census Tract 1843,6.27635425022168,14.076988838111136,0.39801347862184017,1,9.297811385095677,-72.83756961462464,41.25965380090392,4276.0,71.21588089330024,28.78411910669975,10.32487761459724,68427.0,87.97942001870908,1.6136576239476148,34.35453695042096,59.174926332708274,337800.0,681.2872297399357
G5020,20740338967988,09009184400,09,009,184400,1844,Census Tract 1844,CT,S,4758338,3323738,M,+41.2600510,-072.8059943,+41.2620645,-072.8044216,1815,3327,6506,Census Tract 1844,8.082329670772197,13.114142556322328,0.5905635307216872,1,11.532755833654132,-72.8059941855994,41.26005106287553,3200.0,71.83377308707124,28.16622691292876,11.551925320886815,85948.0,95.0625,1.0625,39.90625,60.9533824044865,435700.0,395.9254485216102
G5020,20740338968008,09009184500,09,009,184500,1845,Census Tract 1845,CT,S,5210448,56876,U,+41.2836626,-072.7853254,+41.2799489,-072.7859502,1043,2512,7308,Census Tract 1845,5.267570210268494,10.235588419057734,0.6318217447083808,1,12.251144159116826,-72.78532536127203,41.28366260698566,2464.0,90.68255687973998,9.317443120260021,1.0718113612004287,77697.0,94.23701298701299,2.4756493506493507,29.017857142857146,51.02339181286549,366400.0,467.7678515222689
G5020,20740338968026,09009184600,09,009,184600,1846,Census Tract 1846,CT,S,12561261,5739086,M,+41.2704872,-072.7550520,+41.2701336,-072.7540083,1409,2852,7309,Census Tract 1846,18.30163272583071,20.12406684659751,0.5678951991123572,1,15.07556162657066,-72.75505190828204,41.270487157703094,2972.0,87.3972602739726,12.602739726027398,11.12012987012987,98558.0,98.68775235531628,0.0,42.530282637954244,69.45921985815603,625000.0,162.3898831608261
G5020,20740338968046,09009184700,09,009,184700,1847,Census Tract 1847,CT,S,20634399,1035409,M,+41.3028270,-072.8049446,+41.2987157,-072.8021011,2604,5908,7310,Census Tract 1847,21.670489056170023,24.7620289380403,0.4441259228772184,1,10.314856106241777,-72.80494393820372,41.30282706767254,5727.0,85.98009519688446,14.019904803115535,5.364455364455364,75169.0,90.20429544264013,1.7111925964728478,25.33612711716431,66.76013805004314,257100.0,264.27645380570715
G5020,20740338969869,09009186100,09,009,186100,1861,Census Tract 1861,CT,S,19743636,388280,M,+41.3310021,-072.7709266,+41.3337910,-072.7718531,3041,7309,11053,Census Tract 1861,20.13305369907823,28.952440200219172,0.30182080240734366,1,13.382643367788429,-72.77092622895454,41.331002188878735,7224.0,81.08658743633276,18.91341256366723,4.134114583333334,71269.0,95.25193798449612,1.8133997785160574,27.740863787375414,62.686067904331836,302400.0,358.81293061522723
G5020,20740338969890,09009186200,09,009,186200,1862,Census Tract 1862,CT,S,44379816,4550909,M,+41.3783150,-072.7792763,+41.3827663,-072.7751938,2588,7098,11054,Census Tract 1862,48.93311812534139,34.72640366675622,0.5099095388012661,1,14.669775074306012,-72.77927606857686,41.378315261232686,7107.0,91.18589743589743,8.814102564102564,2.156017248137985,91904.0,95.20191360630365,0.47840157591107363,21.78134233853947,68.86505808757819,338800.0,145.23905837750897
G5020,20740338967778,09009190100,09,009,190100,1901,Census Tract 1901,CT,S,8293459,720930,U,+41.2799979,-072.6693752,+41.2814115,-072.6708095,1622,3340,20074,Census Tract 1901,9.015629958590768,14.725722799225618,0.5224595838499247,1,21.881389329344522,-72.66937513096737,41.27999788938926,3326.0,73.03225806451613,26.96774193548387,2.0846493998736575,77037.0,94.82862297053518,0.8719182200841853,34.54600120264582,66.87546057479736,410300.0,368.9148750865421
G5020,20740338967798,09009190200,09,009,190200,1902,Census Tract 1902,CT,S,20247887,3983468,M,+41.2708055,-072.7076408,+41.2814011,-072.7100008,1936,3362,20075,Census Tract 1902,24.233959273792962,24.52491448948514,0.5063131815337696,1,18.91451344193631,-72.70764058615433,41.270805431383515,3291.0,78.59097127222982,21.409028727770178,23.735002608242045,90878.0,94.8343968398663,1.5800668489820722,47.7058644788818,68.86314265025344,530400.0,135.8011690462378
G5020,20740338968402,09009190301,09,009,190301,1903.01,Census Tract 1903.01,CT,S,29309550,341938,M,+41.3212030,-072.6742568,+41.3239607,-072.6684839,2497,6791,8988,Census Tract 1903.01,29.655424228662064,24.509519326033224,0.6203608994626667,1,21.287150429181363,-72.6742564989903,41.32120267873802,6506.0,94.02542372881356,5.974576271186441,4.259634888438134,110000.0,96.67998770365817,0.384260682446972,38.02643713495235,71.18041847611528,419900.0,219.38650918748044
G5020,20740338968424,09009190302,09,009,190302,1903.02,Census Tract 1903.02,CT,S,20052501,340031,M,+41.3194164,-072.7208842,+41.3299498,-072.7266769,2187,5448,8989,Census Tract 1903.02,20.39448027313984,19.37993109821647,0.6823670523811145,1,17.378492103998063,-72.72088405671532,41.319416277729864,5558.0,95.21553765987683,4.784462340123164,2.6740433379437527,103964.0,92.80316660669305,1.241453760345448,37.72939906441166,65.57486631016043,419600.0,272.52471872598085
G5020,20740338968443,09009190303,09,009,190303,1903.03,Census Tract 1903.03,CT,S,44029936,728672,M,+41.3885559,-072.7105039,+41.3913017,-072.7112733,1354,3434,9687,Census Tract 1903.03,44.76317166317764,28.968908612949235,0.670295721297422,1,20.260222905532764,-72.71050374577385,41.38855601513243,3541.0,92.82930631332815,7.1706936866718625,0.8500772797527048,106583.0,95.96159277040384,3.275910759672409,39.0850042360915,71.8435754189944,418400.0,79.10520788483004
G5020,20740338967816,09009194100,09,009,194100,1941,Census Tract 1941,CT,S,16944317,3303733,M,+41.2726601,-072.5904407,+41.2719628,-072.5903881,3228,5154,20076,Census Tract 1941,20.252162006434745,28.010326237529505,0.32437316821575235,1,28.544011880119037,-72.59043958864224,41.272659959614266,5326.0,84.28317008014248,15.716829919857526,27.850947638933505,96324.0,98.91100262861434,0.0,46.226060833646265,53.7978937934125,495900.0,262.9842679664405
G5020,20740338968463,09009194201,09,009,194201,1942.01,Census Tract 1942.01,CT,S,47262581,190301,M,+41.3555713,-072.6481621,+41.3536088,-072.6457238,2827,7837,9688,Census Tract 1942.01,47.460132309793714,45.11968817933209,0.2929588549247802,1,23.999099432772038,-72.64816226277814,41.35557043451533,7553.0,89.94544037412315,10.05455962587685,7.896625987078249,110205.0,93.30067522838607,1.8403283463524427,42.15543492651926,68.2481110525391,439100.0,159.1440991082401
G5020,20740338968816,09009194202,09,009,194202,1942.02,Census Tract 1942.02,CT,S,29415213,790459,M,+41.3529350,-072.6175300,+41.3524836,-072.6168682,1994,5278,11701,Census Tract 1942.02,30.211052345542416,46.925903332592824,0.17240522917141154,1,26.451482856281835,-72.61753012651087,41.352933965465105,5350.0,93.96367521367522,6.036324786324786,4.732824427480916,116964.0,96.14953271028037,0.5607476635514018,41.401869158878505,61.61742613920881,488900.0,177.08750886294044
G5020,20740338967929,09009341100,09,009,341100,3411,Census Tract 3411,CT,S,25055586,301401,M,+41.4390225,-073.0567658,+41.4436850,-073.0519252,2509,6049,6503,Census Tract 3411,25.353153355055802,24.25276858775817,0.5416505664021166,1,18.082202601097148,-73.05676559683745,41.43902256436002,5909.0,82.17734855136084,17.822651448639157,6.906416019615856,81214.0,93.07835505161619,1.7092570654933155,18.226434252834657,66.97972251867664,308800.0,233.0676550268906
G5020,20740338968882,09009343101,09,009,343101,3431.01,Census Tract 3431.01,CT,S,16956283,0,M,+41.5392169,-072.8843578,+41.5392169,-072.8843578,1347,5810,11745,Census Tract 3431.01,16.955714242916038,22.477416946598225,0.4217286925426874,1,25.902523428696764,-72.88435770281392,41.53921688495243,6275.0,91.54811715481172,8.451882845188283,0.9942004971002486,119279.0,62.29482071713147,20.54183266932271,21.657370517928285,38.13669197999629,368500.0,370.0817264375427
G5020,20740338971130,09009343102,09,009,343102,3431.02,Census Tract 3431.02,CT,S,11206373,1159728,U,+41.5113237,-072.8752372,+41.5109603,-072.8769870,1523,3653,8910,Census Tract 3431.02,12.36578176440073,20.399877883773403,0.3734017132766997,1,22.97360643352374,-72.87523693790907,41.51132368598904,3901.0,73.1622746185853,26.8377253814147,0.6887052341597797,95231.0,91.72007177646758,1.3073570879261727,32.09433478595232,56.26139817629179,369600.0,315.467317337785
G5020,20740338968120,09009343200,09,009,343200,3432,Census Tract 3432,CT,S,22367978,35360,M,+41.5370021,-072.9318976,+41.5371969,-072.9323816,2306,6249,7314,Census Tract 3432,22.401824940149858,20.36702774277337,0.6786376548120205,1,25.40152804026129,-72.93189741247053,41.537002130937964,6171.0,86.30892678034103,13.691073219658978,4.088504088504089,120085.0,90.52017501215363,0.7454221357964673,35.650623885918,74.28139183055976,340500.0,275.46862884996364
G5020,20740338968137,09009343300,09,009,343300,3433,Census Tract 3433,CT,S,19592059,40439,M,+41.4802554,-072.8881742,+41.4819702,-072.8887074,2805,6809,7315,Census Tract 3433,19.631808927977293,20.788034797224967,0.5708780071358975,1,19.384006903188382,-72.88817405308941,41.48025538307206,6146.0,83.82229673093042,16.177703269069575,8.75717017208413,99688.0,88.44777090790758,2.766026684022128,37.39017246989912,63.35989932885906,377700.0,313.063356644702
G5020,20740338968158,09009343400,09,009,343400,3434,Census Tract 3434,CT,S,15034063,18802,M,+41.4822484,-072.9265650,+41.4836510,-072.9244439,2443,6740,7360,Census Tract 3434,15.051925424972492,18.609827579071148,0.5461566464608674,1,19.318711724120178,-72.9265649781398,41.48224837877881,6690.0,90.16841147018661,9.83158852981338,1.8319928507596068,107823.0,94.15545590433483,0.0,39.49177877428999,63.92898946547015,344900.0,444.4614101595728
G5020,20740338969178,09009344100,09,009,344100,3441,Census Tract 3441,CT,S,21347476,125103,M,+41.5346166,-073.1042625,+41.5341333,-073.1017356,1839,4856,8045,Census Tract 3441,21.468620577880497,23.778164914190416,0.47715264442747024,1,29.138278980234986,-73.10426252263693,41.534616587163036,4911.0,87.78456413103831,12.215435868961688,2.066340402392605,95452.0,91.73284463449399,1.0995723885155773,31.19527591121971,63.100775193798455,379600.0,228.75247071346033
G5020,20740338969198,09009344200,09,009,344200,3442,Census Tract 3442,CT,S,24641035,1659957,M,+41.5209037,-073.1379808,+41.5203461,-073.1378229,1053,2719,8046,Census Tract 3442,26.295575033755224,26.16312918725436,0.48273986555867104,1,29.426343914440302,-73.13798079343968,41.52090356659087,2479.0,95.72254335260115,4.277456647398844,6.8891280947255105,107668.0,91.69019766034691,0.0,37.2730939895119,61.134020618556704,449200.0,94.274416772318
G5020,20740338969319,09009345100,09,009,345100,3451,Census Tract 3451,CT,S,8599432,133101,U,+41.5062289,-073.0353805,+41.5067164,-073.0405046,2932,6979,8855,Census Tract 3451,8.731323106738479,13.958202277419613,0.5631588954403652,1,23.74727224020347,-73.03538039483277,41.506228899791,6921.0,71.0621387283237,28.9378612716763,7.238605898123325,61351.0,90.40601069209652,1.3003901170351104,13.813032798728509,67.74254081441171,234800.0,792.6633701894109
G5020,20740338969337,09009345201,09,009,345201,3452.01,Census Tract 3452.01,CT,S,8639895,67828,U,+41.4824837,-073.0348485,+41.4809522,-073.0385978,2708,7065,8856,Census Tract 3452.01,8.70652499018944,13.586065056232885,0.5927442301777701,1,21.311635412674764,-73.03484843399055,41.48248366890992,6768.0,70.54009819967266,29.45990180032733,9.111193752324285,61845.0,88.50472813238771,2.2606382978723407,13.25354609929078,67.56363636363636,226100.0,777.3480243410797
G5020,20740338969353,09009345202,09,009,345202,3452.02,Census Tract 3452.02,CT,S,4671635,8358,U,+41.4735889,-073.0137064,+41.4728538,-073.0162767,1618,4229,8857,Census Tract 3452.02,4.679415088791433,11.432051765768856,0.4499384112530065,1,19.70924695604426,-73.01370637072398,41.473588881583474,4373.0,97.5316074653823,2.4683925346177005,2.865497076023392,72795.0,88.70340727189573,7.477704093299795,16.167390807226163,70.96865292290313,216100.0,934.518506484841
G5020,20740338969370,09009345300,09,009,345300,3453,Census Tract 3453,CT,S,13205041,0,M,+41.4797987,-073.0744088,+41.4797987,-073.0744088,2795,6455,8858,Census Tract 3453,13.20287623474606,16.30757049791969,0.6238783097647632,1,22.646371330602395,-73.07440863454498,41.47979861839055,6277.0,49.94224104736234,50.057758952637656,10.324585635359115,43212.0,81.39238489724391,7.121236259359566,14.720407838139238,62.93034427542034,222500.0,475.4267091802917
G5020,20740338969404,09009345400,09,009,345400,3454,Census Tract 3454,CT,S,7098175,37266,U,+41.5031630,-073.0764616,+41.5041897,-073.0785991,3008,7134,8860,Census Tract 3454,7.13426427276211,11.844050661899386,0.6390848818488547,1,24.952172636695106,-73.07646155275037,41.503162983362486,7407.0,72.50776129699896,27.492238703001036,6.604381443298969,61869.0,85.87822330228163,3.4291886053732954,16.902929661131363,64.22170594092267,245000.0,1038.2289913592306
G5020,20740338970022,09009346101,09,009,346101,3461.01,Census Tract 3461.01,CT,S,36220354,758418,M,+41.4228987,-073.1134489,+41.4262603,-073.1154195,2598,6674,20134,Census Tract 3461.01,36.971801643204145,36.65548714310662,0.3457820838613837,1,20.073652239924094,-73.11344885431481,41.42289903657944,6419.0,95.92997811816193,4.070021881838074,4.233025984911986,107125.0,96.58825362205951,0.0,25.59588720984577,67.14174150722374,389900.0,173.61880445931388
G5020,20740338970616,09009346102,09,009,346102,3461.02,Census Tract 3461.02,CT,S,48589302,766788,M,+41.4375629,-073.1512165,+41.4440326,-073.1482350,2148,6009,6428,Census Tract 3461.02,49.345592443553066,39.093563578418504,0.40573989334127714,1,23.559615866117962,-73.15121638210124,41.43756320974763,5773.0,94.70737913486005,5.292620865139949,2.432969215491559,108051.0,94.63017495236446,1.0912870258098042,26.277498700848778,71.9945970283656,412600.0,116.9911984865476
G5020,20740338970044,09009347100,09,009,347100,3471,Census Tract 3471,CT,S,20707978,48569,M,+41.5027953,-072.9623730,+41.5031286,-072.9662416,2063,5527,20135,Census Tract 3471,20.75471988318504,20.73215157240323,0.6067894058885327,1,21.791649900152088,-72.96237294265988,41.50279516085247,5218.0,93.19344933469806,6.806550665301944,0.0,84808.0,96.68455346876198,0.6899195093905711,23.725565350709086,70.45023696682465,311000.0,251.41269211864886
G5020,20740338970065,09009347200,09,009,347200,3472,Census Tract 3472,CT,S,16190101,578146,M,+41.4949098,-072.9931390,+41.4898662,-073.0006001,1411,3878,20136,Census Tract 3472,16.766417188830847,17.85185252804769,0.6611249561340011,1,21.43026356885608,-72.99313894852784,41.49490968376226,4064.0,92.12481426448737,7.87518573551263,4.403409090909091,90000.0,92.96259842519686,0.984251968503937,20.447834645669293,72.24025974025975,342100.0,242.38929249042445
G5020,20740338970138,09009348111,09,009,348111,3481.11,Census Tract 3481.11,CT,S,34809498,1917427,M,+41.4779227,-073.2811068,+41.4817217,-073.2817596,975,2902,6509,Census Tract 3481.11,36.71616331719807,30.182645508793023,0.506468630070217,1,35.0323917201943,-73.28110656886764,41.477922606860375,3275.0,96.21212121212122,3.787878787878788,6.8235294117647065,92292.0,91.38931297709924,2.564885496183206,25.43511450381679,42.285929837797056,389600.0,89.1977729728087
G5020,207403716549338,09009348122,09,009,348122,3481.22,Census Tract 3481.22,CT,S,20065075,0,M,+41.4908705,-073.1825164,+41.4908705,-073.1825164,1510,4349,9640,Census Tract 3481.22,20.06039393254502,19.95168350029252,0.6332719143845109,1,29.400192280870833,-73.18251621822229,41.49087052274719,4648.0,93.54330708661416,6.456692913385827,4.654654654654655,126406.0,93.52409638554217,2.6462994836488813,33.455249569707405,53.809012875536474,460600.0,231.700335279025
G5020,207403716549349,09009348123,09,009,348123,3481.23,Census Tract 3481.23,CT,S,28032161,631100,M,+41.4499277,-073.2054387,+41.4448795,-073.2042751,2123,5739,9641,Census Tract 3481.23,28.65618523717699,22.70908868760568,0.698278752049474,1,28.040895386749963,-73.20543840877417,41.44992774673633,5113.0,95.43973941368078,4.5602605863192185,2.332979851537646,101574.0,96.3035399960884,0.33248582045765696,33.15079209857227,69.31818181818183,432200.0,178.4257031311575
G5020,207403716549353,09009348124,09,009,348124,3481.24,Census Tract 3481.24,CT,S,8015374,93812,U,+41.4819781,-073.2254599,+41.4839211,-073.2260565,1594,2330,9642,Census Tract 3481.24,8.107079963157974,16.48353729335025,0.37495011456972993,1,31.48288387609979,-73.22545991446924,41.481978192132836,2424.0,74.78108581436076,25.21891418563923,12.288786482334869,44444.0,99.54620462046205,0.0,34.65346534653465,26.39724849527085,232900.0,298.99791429413415
G5020,207403716549364,09009348125,09,009,348125,3481.25,Census Tract 3481.25,CT,S,10101283,100961,U,+41.4934323,-073.2418482,+41.4908875,-073.2532548,2889,4584,9643,Census Tract 3481.25,10.199492195664114,14.969867573946035,0.5719426680475684,1,33.343832121901336,-73.24184815499359,41.493432325941846,4230.0,87.3369793857804,12.663020614219606,8.400770712909441,42923.0,96.17021276595744,0.0,36.26477541371159,29.978869519281563,204200.0,414.72652940488615
G5020,20740338970362,09009350100,09,009,350100,3501,Census Tract 3501,CT,S,1144843,0,U,+41.5566166,-073.0412178,+41.5566166,-073.0412178,2823,4852,7363,Census Tract 3501,1.1446767320432423,4.745284010504749,0.6388049869645022,1,29.158200237626872,-73.04121774098785,41.55661664441262,4446.0,0.12578616352201258,99.87421383647799,18.37782340862423,10745.0,48.40305892937472,19.14080071974809,5.37561853351327,26.38272700384502,275000.0,3884.066021036273
G5020,20740338970381,09009350200,09,009,350200,3502,Census Tract 3502,CT,S,678678,0,U,+41.5653000,-073.0344111,+41.5653000,-073.0344111,1463,3355,7364,Census Tract 3502,0.6785847086660024,3.5215497219407705,0.6876164906553985,1,29.897479470860304,-73.0344111282138,41.565300046228295,2882.0,20.768526989935957,79.23147301006405,30.997474747474747,23480.0,23.004857737682165,38.48022206800833,4.684247050659264,40.69886947584789,164100.0,4247.074776656237
G5020,20740338970400,09009350300,09,009,350300,3503,Census Tract 3503,CT,S,486841,1964,U,+41.5624774,-073.0278963,+41.5634539,-073.0289911,893,1969,7365,Census Tract 3503,0.488738876098992,3.815859707006528,0.4217955091478081,1,29.439279685005225,-73.02789631005435,41.56247735397908,1888.0,26.006711409395972,73.99328859060402,37.916666666666664,19917.0,17.21398305084746,53.4957627118644,1.059322033898305,41.53846153846154,113700.0,3863.003522595967
G5020,20740338970418,09009350400,09,009,350400,3504,Census Tract 3504,CT,S,518835,0,U,+41.5564824,-073.0305635,+41.5564824,-073.0305635,1191,2487,11107,Census Tract 3504,0.5187696691323986,3.811001309932559,0.44885518279358,1,28.86706571033915,-73.03056347248939,41.5564823761533,2319.0,29.011689691817217,70.98831030818279,29.194883370955605,25859.0,32.72962483829237,33.50582147477361,3.2341526520051747,36.65035345296357,160100.0,4470.19195219787
G5020,20740338970435,09009350500,09,009,350500,3505,Census Tract 3505,CT,S,810545,0,U,+41.5478022,-073.0338242,+41.5478022,-073.0338242,1062,2498,11108,Census Tract 3505,0.8104330874327471,3.8666300523638593,0.6811798357128312,1,28.033137030954094,-73.03382416177672,41.54780223230177,2537.0,20.2729044834308,79.72709551656921,10.0,21085.0,54.90737091052424,5.6365786361844705,6.819077650768625,43.185642176107685,121600.0,3130.425002805096
G5020,20740338970454,09009350800,09,009,350800,3508,Census Tract 3508,CT,S,1097838,0,U,+41.5657990,-073.0461137,+41.5657990,-073.0461137,2455,5998,11109,Census Tract 3508,1.0976805910544454,4.825448470889146,0.5923937727440711,1,30.255398632051445,-73.0461136912029,41.56579899948255,6590.0,34.60424710424711,65.3957528957529,10.380622837370241,36071.0,41.213960546282244,29.377845220030345,8.49772382397572,51.99907557198983,192200.0,6003.567935613734
G5020,20740338970472,09009350900,09,009,350900,3509,Census Tract 3509,CT,S,761546,0,U,+41.5756061,-073.0457017,+41.5756061,-073.0457017,708,1987,11110,Census Tract 3509,0.761434426485434,3.9221222372071236,0.622013947372722,1,31.275795579470135,-73.04570170148914,41.57560607400319,1892.0,85.88235294117646,14.117647058823529,17.704011065006917,80547.0,75.42283298097252,21.353065539112052,21.881606765327696,63.37926033357505,182400.0,2484.7838949611682
G5020,20740338970489,09009351000,09,009,351000,3510,Census Tract 3510,CT,S,1760441,19789,U,+41.5748015,-073.0347057,+41.5757659,-073.0340778,1466,3678,11111,Census Tract 3510,1.7799781542272641,6.381368287478615,0.5492839595518448,1,30.913357135711095,-73.03470569285749,41.57480152249903,3571.0,54.77753464624362,45.22246535375638,10.274869109947645,39596.0,49.00588070568468,17.4180901708205,6.832819938392608,57.21528861154446,154000.0,2006.204397238946
G5020,20740338970526,09009351100,09,009,351100,3511,Census Tract 3511,CT,S,3970727,273592,U,+41.5725417,-073.0139328,+41.5691880,-073.0141091,1908,3928,11749,Census Tract 3511,4.243791861498852,10.449579825738077,0.4883894610197738,1,30.213848263999108,-73.01393277733841,41.57254170080757,4344.0,38.31096196868009,61.68903803131991,7.405489383738996,36855.0,39.295580110497234,42.886740331491715,9.622467771639043,58.092144122858834,141000.0,1023.6128777686463
G5020,20740338970541,09009351200,09,009,351200,3512,Census Tract 3512,CT,S,1806439,8997,U,+41.5551869,-073.0210759,+41.5575574,-073.0177303,1544,3862,11750,Census Tract 3512,1.8152008320343667,7.988392808166078,0.35745034613246435,1,28.50301222672588,-73.02107586590427,41.55518687801324,3622.0,30.77593722755013,69.22406277244987,26.427196921103267,28386.0,37.824406405300934,29.73495306460519,4.555494202098289,44.90458790093382,161300.0,1995.3714961339472
G5020,20740338970563,09009351300,09,009,351300,3513,Census Tract 3513,CT,S,2260270,5632,U,+41.5498376,-073.0133466,+41.5508040,-073.0135921,2315,5535,11812,Census Tract 3513,2.265616473895655,7.921820749352566,0.4536764495383563,1,27.75893313702915,-73.01334654940294,41.54983757645857,5682.0,49.671772428884026,50.32822757111597,5.107973421926911,41607.0,49.595212953185495,19.1129883843717,9.380499824005632,60.68866571018652,142300.0,2507.9266793244947
G5020,20740338970580,09009351400,09,009,351400,3514,Census Tract 3514,CT,S,1139088,0,U,+41.5398161,-073.0267720,+41.5398161,-073.0267720,1669,4352,11813,Census Tract 3514,1.1389372400553783,5.469403374601556,0.47844249765451463,1,27.007063242713016,-73.02677195652426,41.5398160438207,3862.0,37.824561403508774,62.175438596491226,19.12599318955732,34177.0,66.13153806317969,8.23407560849301,5.023303987571206,63.87184730743013,132300.0,3390.8804314908684
G5020,20740338970595,09009351500,09,009,351500,3515,Census Tract 3515,CT,S,2803887,51450,U,+41.5270242,-073.0331783,+41.5265686,-073.0331235,1985,4915,6427,Census Tract 3515,2.8549442489557197,8.105613189989239,0.5460541928766736,1,25.835979943662167,-73.03317828555703,41.527024165684,5364.0,65.18595041322314,34.81404958677686,5.560975609756098,59478.0,65.84638329604773,18.698732289336316,9.246830723340791,59.42168674698796,152000.0,1878.8457960123185
G5020,20740338970694,09009351601,09,009,351601,3516.01,Census Tract 3516.01,CT,S,1157203,0,U,+41.5394331,-073.0502962,+41.5394331,-073.0502962,1544,3281,7292,Census Tract 3516.01,1.1570285810344598,7.422628787482406,0.2638994395118585,1,27.632589188645337,-73.05029620046143,41.53943305735509,3470.0,48.57142857142857,51.42857142857142,9.577819785759294,44080.0,71.87319884726224,11.325648414985592,16.311239193083573,61.95372750642674,172300.0,2999.0616108182835
G5020,20740338968101,09009351602,09,009,351602,3516.02,Census Tract 3516.02,CT,S,4177466,0,U,+41.5331450,-073.0581313,+41.5331450,-073.0581313,3003,6221,7313,Census Tract 3516.02,4.1768267605068905,10.48273057216922,0.4776474674104937,1,27.240334819060095,-73.0581313181363,41.533144937612,5995.0,74.73648418905134,25.263515810948654,4.357723577235772,50984.0,82.3185988323603,8.690575479566306,14.64553794829024,57.592735703245744,167300.0,1435.3001318332053
G5020,20740338970650,09009351700,09,009,351700,3517,Census Tract 3517,CT,S,654110,0,U,+41.5449634,-073.0482405,+41.5449634,-073.0482405,1376,2717,6494,Census Tract 3517,0.6540146636089241,3.9768007950497664,0.5196724286406185,1,28.142024714107798,-73.04824049442682,41.54496337907248,3148.0,22.761506276150627,77.23849372384937,20.17368069472278,24339.0,45.10800508259212,26.778907242693773,4.479034307496824,50.74626865671642,152200.0,4813.347735399377
G5020,20740338970674,09009351800,09,009,351800,3518,Census Tract 3518,CT,S,4551887,138454,U,+41.5517171,-073.0749596,+41.5506190,-073.0712340,2090,4252,6495,Census Tract 3518,4.689563770739498,11.14348469910258,0.47456998584465954,1,29.696077305108165,-73.07495955063561,41.55171712606127,4076.0,65.41956173169427,34.58043826830572,8.418991678903573,51199.0,84.88714425907753,9.445534838076545,15.89793915603533,62.49286936679977,184900.0,869.1639988845392
G5020,20740338970717,09009351900,09,009,351900,3519,Census Tract 3519,CT,S,6551883,152071,U,+41.5309445,-073.0619600,+41.5248606,-073.0756356,869,2456,7293,Census Tract 3519,6.702910632847462,20.83377252634073,0.1940606390400867,1,27.147103679869964,-73.06195983628383,41.53094452766898,2422.0,83.29545454545455,16.704545454545457,0.0,70774.0,71.96531791907515,15.2766308835673,22.791081750619323,64.10767696909272,196200.0,361.33556490087216
G5020,20740338970738,09009352000,09,009,352000,3520,Census Tract 3520,CT,S,4515182,0,U,+41.5660799,-073.0762335,+41.5660799,-073.0762335,1902,4920,7294,Census Tract 3520,4.514429858299975,11.546559841651092,0.4255078262140792,1,31.196733021194703,-73.0762334267299,41.56607986668373,5431.0,86.26817447495961,13.731825525040387,2.6729559748427674,79526.0,70.70521082673541,15.724544282820844,20.088381513533417,62.03324500120453,210000.0,1203.031206701522
G5020,20740338970758,09009352100,09,009,352100,3521,Census Tract 3521,CT,S,1957049,0,U,+41.5786775,-073.0775020,+41.5786775,-073.0775020,1741,4253,7295,Census Tract 3521,1.9567236658368243,5.964592869553375,0.6911586563868495,1,32.52549264699011,-73.07750199349027,41.57867746256766,4496.0,66.00837821663674,33.99162178336326,6.017997750281215,58973.0,75.11120996441281,13.411921708185053,12.744661921708186,56.61134903640257,167700.0,2297.718414969552
G5020,20740338970781,09009352200,09,009,352200,3522,Census Tract 3522,CT,S,1898992,0,U,+41.5828883,-073.0636497,+41.5828883,-073.0636497,950,2689,7296,Census Tract 3522,1.8986907699871327,6.726096620599407,0.5273972972674041,1,32.536217601881276,-73.06364962837493,41.58288830911073,2462.0,30.81967213114754,69.18032786885246,6.917599186164802,25727.0,38.992688870836716,17.018683996750607,5.280259951259139,54.94283792871554,136800.0,1296.6829769845485
G5020,20740338970801,09009352300,09,009,352300,3523,Census Tract 3523,CT,S,6584209,194554,U,+41.5877875,-073.0507370,+41.5874483,-073.0507463,1260,2815,7297,Census Tract 3523,6.777750079387982,21.179860200719688,0.18986688984843245,1,32.69202333931535,-73.05073709778894,41.58778753956256,2981.0,49.414715719063544,50.58528428093646,7.501933488012375,39286.0,69.10432740691044,14.324052331432405,6.37370010063737,58.15899581589959,155700.0,439.82146952653335
G5020,20740338970821,09009352400,09,009,352400,3524,Census Tract 3524,CT,S,4327656,6577,U,+41.6041804,-073.0293601,+41.6041888,-073.0250958,1260,3437,7298,Census Tract 3524,4.333642774792983,8.86601237756799,0.6927974918803476,1,33.93543296779116,-73.02936003059453,41.604180362922584,3401.0,56.00335852225021,43.99664147774979,6.294256490952006,37817.0,67.56836224639812,19.023816524551602,10.790943840047044,54.85905044510386,171300.0,784.7901123235671
G5020,20740338970846,09009352500,09,009,352500,3525,Census Tract 3525,CT,S,3313421,59513,U,+41.5881014,-073.0274254,+41.5898595,-073.0244235,1318,2731,8097,Census Tract 3525,3.3724803545676267,8.4551136198375,0.5928166549392865,1,32.16751728521418,-73.0274253236372,41.58810139383523,2812.0,71.78517397881997,28.214826021180027,0.9737827715355805,45238.0,54.623044096728314,24.182076813655762,14.438122332859175,58.972125435540065,134000.0,833.8076739843651
G5020,20740338970867,09009352600,09,009,352600,3526,Census Tract 3526,CT,S,2267728,0,U,+41.5591192,-072.9950704,+41.5591192,-072.9950704,2349,5395,8098,Census Tract 3526,2.2674707240335827,8.822776431708505,0.3660504994184804,1,28.415442812448305,-72.99507037364242,41.559119207790424,4645.0,59.58236658932715,40.417633410672856,9.377628259041211,43638.0,75.58665231431647,12.960172228202369,12.615715823466092,62.706353176588294,158300.0,2048.5380255481546
G5020,20740338970510,09009352701,09,009,352701,3527.01,Census Tract 3527.01,CT,S,2871740,0,U,+41.5452063,-072.9772052,+41.5452063,-072.9772052,1644,3386,11748,Census Tract 3527.01,2.871457485302299,12.963632070041701,0.21471325782866285,1,26.631106581900116,-72.97720496584252,41.54520636112841,3525.0,34.42622950819672,65.57377049180327,3.762135922330097,46029.0,83.82978723404256,10.836879432624114,12.51063829787234,59.09090909090909,138800.0,1227.599578974403
G5020,20740338970633,09009352702,09,009,352702,3527.02,Census Tract 3527.02,CT,S,2874848,28828,U,+41.5488021,-072.9910237,+41.5497410,-072.9934347,2471,5852,6493,Census Tract 3527.02,2.903360826768038,9.664053907193965,0.3906539223903603,1,27.22569183190016,-72.99102365548288,41.548802060990965,6181.0,55.75938566552902,44.24061433447099,4.870129870129871,50685.0,76.7351561236046,11.826565280698915,10.192525481313703,58.90020366598778,167800.0,2128.912101800506
G5020,20740338970891,09009352800,09,009,352800,3528,Census Tract 3528,CT,S,6928495,152408,U,+41.5323173,-073.0005126,+41.5322116,-073.0005242,2732,6545,8099,Census Tract 3528,7.080084598278886,13.923850534927801,0.45891220231722124,1,25.608524313495987,-73.00051239821128,41.53231736007807,5897.0,53.36032388663967,46.63967611336032,6.403940886699508,46409.0,62.42157028997796,12.124809225029676,16.669492962523318,65.39932508436446,187400.0,832.8996522772503
G5020,20740338971013,09009361100,09,009,361100,3611,Census Tract 3611,CT,S,24141506,1214358,M,+41.5830726,-072.9632786,+41.5819796,-072.9688939,2482,6503,8904,Census Tract 3611,25.353572021420902,23.009165471949135,0.6017932113424584,1,30.658671141545266,-72.96327843294945,41.58307268077014,6534.0,87.0118845500849,12.98811544991511,3.5217035217035217,84063.0,95.39332721150903,0.42852770125497397,21.441689623507806,68.9279112754159,293900.0,257.71516512464234
G5020,20740338971055,09009361200,09,009,361200,3612,Census Tract 3612,CT,S,9685837,280813,U,+41.6000830,-073.0025689,+41.6006752,-073.0025589,2159,5524,8906,Census Tract 3612,9.965479775310955,17.821527954412044,0.39429221631636663,1,32.99983991378048,-73.00256888482356,41.60008296023004,5182.0,90.23186975826344,9.768130241736557,4.880337869544815,68007.0,93.05287533770745,2.4314936318023928,11.887302199922809,65.90962857818784,236300.0,519.9950345429611
G5020,20740338971078,09009361300,09,009,361300,3613,Census Tract 3613,CT,S,19077691,261305,M,+41.6239699,-072.9715077,+41.6275419,-072.9691456,1635,4653,8907,Census Tract 3613,19.33711417450133,20.794091558101105,0.5619809857657491,1,35.24660414147677,-72.97150738034307,41.623969947572746,4730.0,95.34282018111256,4.657179818887451,2.337334175615919,86809.0,93.44608879492601,0.46511627906976744,14.56659619450317,68.51453175457482,277500.0,244.60733681953235
G5020,207403716549366,09009361401,09,009,361401,3614.01,Census Tract 3614.01,CT,S,425295,0,U,+41.3086626,-072.9312829,+41.3086626,-072.9312829,1697,4933,9644,Census Tract 3614.01,0.4252683415534547,3.2154834974183064,0.5168688357846846,1,0.286124780881655,-72.93128285349658,41.30866257378454,5854.0,7.177033492822966,92.82296650717703,10.059171597633137,26250.0,62.999658353262724,8.660744789887257,21.028356679193713,41.67099117799688,126400.0,13765.42626854384
G5020,207403716549329,09009361402,09,009,361402,3614.02,Census Tract 3614.02,CT,S,771365,0,U,+41.3146096,-072.9252686,+41.3146096,-072.9252686,188,3367,9639,Census Tract 3614.02,0.7713182448003687,4.471851724626027,0.48469515475002095,1,0.7345476449514245,-72.92526858158544,41.3146095753179,3713.0,0.0,100.0,33.33333333333333,29722.0,64.88015082143819,3.474279558308645,9.291677888499866,34.39267438728791,,4813.8366038015765
G5020,207403716549370,09009361500,09,009,361500,3615,Census Tract 3615,CT,S,3024179,52259,U,+41.2875760,-072.9574098,+41.2875292,-072.9575865,2058,7607,9676,Census Tract 3615,3.076185534814657,8.786607767882016,0.5007026726748662,1,3.3771840105424045,-72.95740976074967,41.28757596552722,6142.0,48.746803069053705,51.25319693094629,8.815298507462686,44261.0,61.49462715727776,29.176164115923154,7.701074568544448,59.41520467836258,206800.0,1996.6285942405163
G5020,20740338971033,09009990000,09,009,990000,9900,Census Tract 9900,CT,S,0,598496364,R,+41.1871086,-072.8161941,+41.1871086,-072.8161941,0,0,8905,Census Tract 9900,598.5141210948868,142.85473531735047,0.36854878495412297,1,16.396374615712176,-72.81617348285185,41.187111584669694,0.0,,,,,,,,,,0.0
